,c,iter#0,iter#1,iter#2,iter#3,iter#4,iter#5,iter#6,iter#7,iter#8,iter#9,iter#10,iter#11,iter#12,iter#13,iter#14,iter#15,iter#16,iter#17,iter#18,iter#19,iter#20,iter#21,iter#22,iter#23,iter#24,iter#25,iter#26,iter#27,iter#28,iter#29,iter#30,iter#31,iter#32,iter#33,iter#34,iter#35,iter#36,iter#37,iter#38,iter#39,iter#40,iter#41,iter#42,iter#43,iter#44,iter#45,iter#46,iter#47,iter#48,iter#49,iter#50,iter#51,iter#52,iter#53,iter#54,iter#55,iter#56,iter#57,iter#58,iter#59,iter#60,iter#61,iter#62,iter#63,iter#64,iter#65,iter#66,iter#67,iter#68,iter#69,iter#70,iter#71,iter#72,iter#73,iter#74,iter#75,iter#76,iter#77,iter#78,iter#79,iter#80,iter#81,iter#82,iter#83,iter#84,iter#85,iter#86,iter#87,iter#88,iter#89,iter#90,iter#91,iter#92,iter#93,iter#94,iter#95,iter#96,iter#97,iter#98,iter#99,iter#100
R^2,,0.9965750761184692,0.9969458500733511,0.9972465186340439,0.9974955739611909,0.9976760518463653,0.997841281039157,0.997989620364663,0.9981236715782729,0.9982394664539286,0.9983467427921734,0.9984326545103734,0.998510359686452,0.99858801098592,0.9986570905136318,0.998719711814683,0.9987773183818038,0.9988338003142235,0.9988820577241422,0.9989280059619725,0.9989742146042515,0.9990165426774928,0.9990553094968356,0.999092433436555,0.9991260006522725,0.9991554699505715,0.9991839320311507,0.9992137545165642,0.9992413789791115,0.9992667642623908,0.999290970296802,0.9993146410055577,0.9993360445262913,0.9993578864061847,0.9993770137195401,0.9993960684203992,0.9994132374746034,0.9994297495225704,0.9994468282180043,0.9994623039713496,0.9994763183162827,0.9994903737678549,0.9995033538644968,0.999516218407318,0.9995275379497158,0.9995384479427111,0.9995500768081309,0.999559675012457,0.9995694028199794,0.9995786814917937,0.9995872042250934,0.9995960467224908,0.9996042739103107,0.9996121793077958,0.9996203104673455,0.9996276315890475,0.9996346318668564,0.9996411877992653,0.9996480423299606,0.999654718762541,0.9996610246012878,0.9996666307161244,0.9996728284066096,0.9996779292173152,0.9996831529340613,0.9996882178249338,0.9996936868778333,0.9996986029964497,0.9997034825857288,0.9997084533617193,0.9997127313921818,0.9997168610998274,0.9997207429035655,0.9997254090118957,0.9997291869667582,0.9997333954817851,0.9997371273530842,0.9997416059584265,0.9997451931635654,0.9997481360184115,0.999751778334016,0.999754819836229,0.9997578966610315,0.9997607792462386,0.9997633258476721,0.9997660006807834,0.9997686255546283,0.999771365998559,0.9997741641671405,0.9997766462644548,0.9997792365811724,0.9997813702735691,0.9997833981797203,0.9997854662517789,0.9997872412503908,0.9997896540719124,0.9997916183548814,0.9997933798967604,0.9997952516064091,0.999797384835342,0.999799598987957,0.9998015215666001
0,0.9031903182392393,0.07921656380758908,0.0784278516542543,0.07837700087431794,0.07778575413393382,0.07720468561273992,0.07671379217297994,0.07756867776232201,0.07700601124107202,0.07653066602303035,0.07593651494177263,0.07550865550882338,0.07515392498712323,0.07442106953375759,0.0735964552177405,0.07325020212691699,0.0729727779036469,0.07277686264864544,0.07255012056787877,0.07216146444640527,0.07191965402902044,0.07162540361447683,0.07150935817686728,0.07126923345322551,0.07102189778349273,0.07091651321876635,0.0708151777301023,0.07072955910626912,0.07035031317367349,0.07014494244715774,0.06979271304978862,0.06968216973787969,0.06947166466670864,0.06929150725555223,0.06910666822581353,0.06898850949255982,0.06874709689530506,0.06853845810444593,0.06837743658937458,0.0684428954682113,0.06826342022137442,0.06809190861156221,0.06797943767388655,0.06780068542661158,0.06766316999005012,0.06762843406969192,0.06751051642326995,0.06740449653815539,0.0672210878699726,0.0670915344280308,0.06708106273347589,0.06689410819772816,0.06666487710350602,0.0666674903421222,0.06655518710112368,0.06647907044443707,0.06645646665097098,0.06641027337964867,0.06621468802128522,0.06617232063008195,0.06613306194690542,0.06594242707004551,0.06570379463942319,0.06551942804706935,0.06535096884911648,0.06522774555469812,0.0650627863806389,0.0649637813851423,0.06486973039086497,0.06485119871352321,0.06473001313876454,0.0646642196875511,0.06457401727466869,0.06454417045726989,0.06447933145513589,0.06440067811301951,0.06430798255030713,0.0642671492754611,0.06415699809328257,0.06409938930850326,0.06399565399133779,0.06391735194616509,0.06393261514287055,0.06383687201997483,0.06378705290236726,0.06372607037633364,0.06365914073061212,0.0636079976929501,0.06353226109155373,0.06369810707491325,0.06357641795717914,0.06350553059882062,0.0634357600769026,0.06341504934832984,0.0633209544645239,0.06329963978976351,0.06323455271054687,0.06322639382552646,0.06319151391561575,0.06312652075787417,0.06308454338801965,0.06302848178055058
1,0.8917594177520163,0.16136450125598045,0.1585565549226555,0.15314980617331025,0.15219725127030082,0.15013530143602066,0.14663252199550394,0.14492489045554943,0.14236030606516614,0.1402925139235455,0.13896714177327726,0.1374635575726272,0.1358098444748888,0.135244364906166,0.13461412232661232,0.13377285957683743,0.13226456502947476,0.1308792313766639,0.13005636945490665,0.12866634176834568,0.12789095866614186,0.12726109714320957,0.1259126153631441,0.12485038963364742,0.12387932730761224,0.12299196002291989,0.12179921482664591,0.12031008915293408,0.11937028881645206,0.11840150600106143,0.11740609719170243,0.11659816478885875,0.11551479537601207,0.11486251549622921,0.11406863900734526,0.11350795192954057,0.11274041025271084,0.11210075927405955,0.11129128034955574,0.11081952253221851,0.11018036560823613,0.10959473484136517,0.109146325328941,0.10864919543990079,0.10810816021149176,0.10762069261156623,0.10684443928148242,0.10636320535425883,0.10588720988667621,0.10543945554173943,0.10508921291466845,0.10455128425417891,0.10429046530005323,0.10390848101667689,0.10355033244073439,0.10310963453428294,0.10262562552271662,0.10240181130227119,0.10234280896435727,0.10198043522496462,0.10164553608341023,0.10126645217384807,0.10115672044282716,0.1012526013777898,0.10100510251525957,0.10067784640212785,0.10035386934192644,0.10009268423767011,0.09975105377926781,0.09944087474791444,0.099294244788055,0.09898353004286092,0.09872317647830227,0.09829796088987312,0.09797884840925558,0.09786651221968484,0.09762033681306188,0.09727323289877268,0.09685640032333773,0.09656268609845012,0.09638685872828195,0.09617401150017647,0.09592764089135693,0.095762336071615,0.09568783863293957,0.09545082404761283,0.09535551412492486,0.09503996828976151,0.09480947302527187,0.09463313354494797,0.09440343438366203,0.0942217010443873,0.09409791069838648,0.09377882929565169,0.09369392572987266,0.09330409172722973,0.09306820384821118,0.09294925388835489,0.09275352277997145,0.09257629000866649,0.0922483898459052,0.09213074524816942
2,0.8803863224757442,0.23573062084214216,0.22820224416284304,0.2213803911807735,0.21288800324590776,0.2041636673404494,0.1995205146558637,0.1947953565308211,0.1887092615488086,0.1851145012341109,0.1806379499821024,0.1772134532419261,0.1741233539846969,0.1718310327129524,0.16960170777363223,0.16693349210403488,0.16458859095556394,0.16176751699455774,0.15979107175918367,0.15760174681803443,0.1558195012562798,0.15409153652899307,0.15214600655969682,0.14987687842695763,0.1481607532476177,0.14667355355331102,0.1452488216407288,0.14392798231638249,0.14249840978130332,0.14090750667669047,0.13866235952856767,0.1371458860580537,0.1366200551909134,0.13540458037250633,0.1343307518036543,0.13332541018091892,0.13234367807869293,0.1311626241173031,0.1300324568871004,0.12892987917837834,0.12800485191796804,0.1270521851207276,0.1260235751109569,0.12517536143130392,0.12445688188185604,0.12361470532949609,0.12267527703059847,0.12186918838206287,0.12101154267171223,0.12023674650792272,0.11965378744515484,0.11871871845504321,0.11816707037442224,0.1175014755992956,0.11677959937090081,0.11616134479312894,0.11578460543597525,0.11549178688840102,0.11482771438209287,0.11435690997954395,0.11368898775906991,0.11304591079580698,0.1123341188923905,0.11148237122037236,0.11097094121876326,0.11048917369142014,0.10992203112705717,0.10943704321648338,0.1089803738664204,0.10849028100400897,0.1081270477528444,0.10767536596048331,0.10724004559851322,0.1068994367812798,0.10637271139255523,0.10588417802196891,0.10553227311086996,0.10484424889040732,0.10457585064631751,0.10427069973826159,0.10391716938570761,0.10357232822020569,0.10318329778137703,0.1029147295700271,0.10256845249075265,0.10227769556613771,0.10193826882063338,0.10160457960717545,0.10121227676049299,0.1008287308796938,0.10050902967659775,0.10031329464643028,0.10024463419430932,0.1000747560000314,0.09991582502778439,0.09968129152786051,0.09941934785139128,0.09919272907637253,0.09893013861427633,0.09856068454077752,0.09826974891623891,0.09784908345183516
3,0.8690287843534694,0.29361348644644114,0.2821785418558551,0.26883860168997054,0.25695998721203256,0.24970319902252658,0.24247820760324829,0.23487836293692485,0.227449003992498,0.21995019140580613,0.21436825312675323,0.20840489709877533,0.203510891932798,0.19757820416082658,0.1935710184313799,0.18889251144582922,0.18579990647937542,0.1823051068650741,0.17919167713938045,0.17591781062920087,0.1725080348895997,0.168762891475652,0.16626526227199007,0.16366715371601118,0.16093497089507242,0.15878379502794723,0.15670781891955393,0.1540295383218572,0.1520047554478784,0.15025111550105627,0.1491212955288975,0.14709461645129715,0.1453329023793562,0.1432056739312615,0.1413614858504008,0.13981957408166443,0.1383541396222931,0.13686492825559282,0.13530873099302698,0.13371969720616936,0.13266347575061138,0.13142450943950224,0.13018077591639482,0.12893927329541585,0.12780097877568358,0.12656057184616376,0.12558229954157785,0.12447853833980324,0.12354006299161331,0.12254140525605492,0.12135962543931716,0.12034787358252444,0.11938427484019716,0.11864193308620163,0.11764087708591292,0.11685155865837929,0.11596475175215519,0.11505110799594759,0.11426395419590034,0.11347159941273953,0.11267828888275042,0.11208546936751772,0.11149749903419062,0.11117657439222581,0.11048274090814461,0.10981422907625671,0.10909452885206165,0.10843201425172443,0.10775864833516194,0.10709696263861287,0.10646692679697771,0.10590504148477442,0.10543077747446533,0.1050078962715652,0.1046678511773868,0.10408706392579217,0.10352448268822768,0.10307761175737983,0.10256505385552885,0.10207295103447235,0.10155563830231451,0.10113613102508548,0.10065045476280152,0.10035348557554692,0.09996829621552908,0.09961677185908707,0.09921961811539276,0.09879630608162955,0.09823806721282954,0.09775346078509992,0.09734604732073003,0.09695596812519117,0.09651280237286537,0.0962479376274679,0.09599468836299596,0.09561053176284,0.09533392254159276,0.09503100285988623,0.09469438373663998,0.0943642706451862,0.09396324751760096,0.09363433324491897
4,0.8576452627755276,0.3452836388993666,0.32429791873572184,0.30747361627804254,0.2953530651889571,0.286892759554986,0.2753208265165551,0.26645419202313414,0.2579730094232492,0.2503659136054916,0.2417322126956311,0.2374528058691343,0.23333067807162827,0.22724285014587017,0.22333606095158465,0.2183348123712189,0.21332319988630372,0.2093073505185044,0.20501942047826857,0.2016111283196576,0.1971069603114267,0.19395515701846547,0.19040955978750845,0.18770191847924164,0.18464103762080358,0.18202704092539873,0.17935957767883765,0.1762566736309076,0.17355782215282692,0.17116188078119962,0.16874862153002995,0.16646589113735,0.1642266091824079,0.16220185650734043,0.1600383678312797,0.1579189596995068,0.15592315738752507,0.15430299968199593,0.1524381477046613,0.15076743674042822,0.14883093399903025,0.14703115893675112,0.14560944329327777,0.14415025153243097,0.14284264584495207,0.14159387472897572,0.14001109907946646,0.13876236864902358,0.13769366930720606,0.13649472863750425,0.13553373392914875,0.13442333296095868,0.13336782020730675,0.13220221950987723,0.13118669782927847,0.1302248098941646,0.12918992864922102,0.12826856338473028,0.12720174526267958,0.12596862635565118,0.12502735702999818,0.12427456233682775,0.1232108679053575,0.12244990456706963,0.12160371118527892,0.12089809714830405,0.12009836078537015,0.11928931159203114,0.11847541830574533,0.11758305816863625,0.11670573429619155,0.11603287044461595,0.11538600651867739,0.11434958947256757,0.11364912180150648,0.1128555623660587,0.11219170695134635,0.11132378602027487,0.11063224902010833,0.11017312538482729,0.10945356423628994,0.10888545169605175,0.10827762699989407,0.10745867152694313,0.1069365426898571,0.10635982481354098,0.1057744911477105,0.10523067824261723,0.1047076130575349,0.10428926198200385,0.10379123854711333,0.10336506780251455,0.1029562466931283,0.10258550595716966,0.102151058845669,0.10166597043233784,0.10128705627027457,0.10094268624682445,0.10052723204831047,0.10001495516273266,0.09959258792685481,0.09924284191973444
5,0.8462756160217988,0.39170579800905136,0.36839292633031323,0.3508434561001813,0.3320785764385788,0.3196358894439584,0.3074204002947405,0.29509491813987737,0.2847967388513926,0.27521923121090464,0.26656187244170115,0.2590478628103707,0.25194058749340936,0.24526046154607234,0.23755103733459695,0.23220441552112542,0.227086917720091,0.22205712472024647,0.2176588087790254,0.21365910155951112,0.20984171665867693,0.2060658229829232,0.20299124694996667,0.19979549581981534,0.19668370930027748,0.1934688686284397,0.190779825670277,0.18862054344394913,0.186164193974761,0.18388570045496114,0.18191787922194558,0.18004361493570908,0.17798696107870113,0.17574378209177102,0.17387460314890266,0.17205466740728623,0.17056198935544742,0.1688671193951917,0.1670962210787028,0.1656716957525027,0.16427977539937758,0.1627799223413054,0.16146262174633105,0.160118274030648,0.1587821723714964,0.15741080605066984,0.156274700589856,0.15523597922903234,0.15395851729000393,0.1530407936616714,0.15196253114685096,0.15095781668298958,0.14997043820878794,0.1490296876470318,0.14805399441497605,0.14707912205024826,0.14631595610374085,0.1454340211036948,0.14465626254494965,0.14385704470150537,0.14312370113909903,0.14237230037413542,0.14154361911054542,0.14065043491952037,0.13999493363750995,0.13927030783793215,0.13850623705588863,0.13785019839359197,0.13722661487029097,0.13664854330844722,0.1361663840534474,0.13570519091533284,0.1351797417350739,0.13438715559332196,0.1338420507468487,0.1333449545022344,0.13286836597115093,0.13219761568184787,0.13171944427806015,0.1312503688844524,0.13056880343334878,0.13011456750128747,0.1296766439929771,0.1292957115648799,0.1288588075158456,0.12837893045916787,0.1280279417443641,0.12767282496780644,0.12737699915401518,0.12690930496037567,0.12652265574287583,0.12621782165938455,0.1258459540796853,0.12545318699740124,0.1250296330704326,0.12466192824471312,0.1243663368777198,0.1240344026811411,0.12379608977061565,0.1235134517319315,0.12317063806523565,0.12286329783228306
6,0.8349196855536302,0.4332474348058445,0.4112078537500348,0.39135742264399864,0.3733380587321568,0.3587480757203942,0.34682164961543394,0.3330703993249709,0.32307029994274494,0.31417002911580516,0.30640297036656633,0.2988882887609368,0.29184677300356104,0.28578633992783004,0.27912394351122377,0.2745279891948117,0.26957735976686065,0.2641201524449032,0.2600637702987628,0.256591861202311,0.2526819412622816,0.24863106682230368,0.2448108594607928,0.24030538894675557,0.23742385266101987,0.23467420251909907,0.23188289438395956,0.22889872822841695,0.22588882892914347,0.2232275601962477,0.22059272702758262,0.2180932492450617,0.21579893180814233,0.21350268608030176,0.21210416321842332,0.20969415541003492,0.20809281578110897,0.20611525999288904,0.20440891308828782,0.20256822261682939,0.20088204516390154,0.19941514796739224,0.19771836966243744,0.19618224673019838,0.19497427099568543,0.1939388795108329,0.19278423902743158,0.19202761381567932,0.1909730200885173,0.1899483303712283,0.18884601589300246,0.18780548653604306,0.18665102228025965,0.18576184036111895,0.1846788287145664,0.18366104341188336,0.18290007008325637,0.1819681835840862,0.1812898529094517,0.18059765810142392,0.17995122460898857,0.17953261999863276,0.1788477526255396,0.17823007547510275,0.1776053677741655,0.17705990627278273,0.1762620029892943,0.17564570185299788,0.17511750160257827,0.1745978770502404,0.17411130495139673,0.1736464770772865,0.17315534834912108,0.17270094385021492,0.1722574708095196,0.17163589442115776,0.171166735574146,0.17044222207270235,0.17009975859470317,0.16977191176186252,0.16940009624740046,0.169052218218827,0.16878490076895003,0.16851182693620836,0.16843115797436162,0.16824303140695773,0.16797660114071808,0.167760878260042,0.1676032164066586,0.16734538538644278,0.16705265345198314,0.1667765068784701,0.166548741053799,0.1662737001345239,0.16618413284766373,0.16595733125532483,0.16578894429140148,0.1655740602393058,0.1652787075979957,0.16516327007054935,0.16487396981194327,0.16464155629315563
7,0.8235641133130641,0.471072769018915,0.4510739302436088,0.43321728623169264,0.4185002300595339,0.40579049901131414,0.3950011103228341,0.3858220902085511,0.37730408724769027,0.3687193204108289,0.360666488886217,0.3543054828813754,0.3491752219503682,0.34433394996613137,0.33925471407804547,0.33592798245980304,0.3319749825259557,0.3280256688665483,0.3240851122931267,0.3211381388405202,0.31755763635801304,0.3144421691291833,0.3115259539430502,0.30889929621646434,0.306600202215697,0.30455322887882347,0.3027747821141042,0.3004560712086116,0.29855714066544725,0.2968595737354092,0.2949945219554673,0.2937113894567551,0.2921467900824784,0.2898770401696957,0.2887275014980006,0.28737330023101587,0.2862025602062065,0.28524681786077094,0.2844792139215174,0.28308364408193815,0.28268667803075803,0.2818834976094309,0.2807674467652254,0.28006401713161005,0.2790232895547054,0.2783395830157195,0.27708427509947925,0.27622671836938306,0.27544174529496607,0.27480372157042854,0.27418511036391224,0.2737755187816651,0.2732872849415426,0.27301301544420636,0.2726350254468188,0.2721447073937629,0.27152569251588593,0.2710084561421668,0.27040928187250374,0.2702561187304023,0.26965560476212835,0.2693007300695463,0.26894979829130944,0.26833301662063946,0.26805288103101194,0.2678512939006358,0.2674941175597769,0.2672488528417468,0.26686190058807296,0.26646790337618365,0.26656469127795673,0.2663160027929123,0.2659976375541537,0.26603767932427286,0.2659072347020879,0.2654335390143743,0.26520360620994743,0.2647314798145148,0.2645204034191685,0.26436305201441984,0.2642751445430464,0.2641669057070107,0.26400795712777486,0.2641696389421481,0.26386465273690235,0.2635302256021477,0.2634590422044604,0.26326290600587693,0.26323425969707914,0.26320485725201914,0.26306777346030935,0.26297225878988073,0.26278062916811973,0.2628313103875528,0.262634439770794,0.26252734340984996,0.26254149951637223,0.2623833161901635,0.2623583945023303,0.26242683402098804,0.2626120298037871,0.26253599689475415
8,0.8122221092582664,0.504856555624922,0.4892550211616609,0.4780709038466008,0.46848379709676047,0.459873083508367,0.45187420743973095,0.4445715091605407,0.43913390751968917,0.4344390598979918,0.4296515313175065,0.42676975071392825,0.42323530464486087,0.4194271816042243,0.4168269916286949,0.4143476017486976,0.41144325504275026,0.40937922057936355,0.4074816017552584,0.40582874943804803,0.4035582862384774,0.40252279823900555,0.4010887786124611,0.39897681808758023,0.3972214777690546,0.3952233337531266,0.39428811555141885,0.39391650743037776,0.39293124210381813,0.39224344899298175,0.39168713202191047,0.3902172653088383,0.3897003676161405,0.38889412516220784,0.3884747385626096,0.3865880500660683,0.3862223046155686,0.3864730252658491,0.3862436053166762,0.38597154122485516,0.38552960258005536,0.3859417843267257,0.38592329219412214,0.3856612769251569,0.3856418960892519,0.3858711400863222,0.3855391519671997,0.38508737477261507,0.38537538085402573,0.3851871705260859,0.38491288741579865,0.3851647015850875,0.38536197508597847,0.38550071704734157,0.3858601023200432,0.3856676312657156,0.3857656994398048,0.38580781755008237,0.3860521310597089,0.3860689035165377,0.3861116051731166,0.3864513819850899,0.3865843568176635,0.3865401285456452,0.387065798593893,0.38702593383108835,0.387240475692467,0.3875027934808833,0.387876874289362,0.3880064024447461,0.3880335166096274,0.3885036185123456,0.38876344656499146,0.389203743873845,0.38932896463362016,0.38972635109021514,0.3899024101402203,0.39006088202209094,0.39026768230211645,0.3903614560292158,0.39077197126285884,0.39116855570849834,0.3914565446814958,0.39181591538492805,0.3923239382653857,0.3927740905460218,0.3931659810535656,0.3936759506104684,0.3939228756433778,0.3943059225721961,0.39456697239846994,0.3947246912407838,0.395195077332526,0.39623567722828434,0.39585331471171525,0.3965103907669383,0.39697373592557333,0.3968223395243646,0.39669235693965305,0.3969635197767194,0.3976237832613248,0.39809209937897533
9,0.800866955204462,0.5351949415497163,0.5233172288720886,0.5148615895341504,0.5057223873648673,0.5041160306526037,0.49919955209861977,0.49487588301939595,0.4915823704601891,0.4902171725377829,0.4882292980371297,0.4869898537224516,0.4867484013081175,0.4848100472091081,0.48410463007360705,0.48327131852516897,0.4811311221841901,0.48138059806289446,0.48143794622170344,0.4807566926900845,0.48132772076913594,0.4808375620171597,0.48191296140023476,0.4821741206479777,0.48205733079603763,0.482417115487819,0.4826030472840619,0.48352808933148567,0.4844504778447745,0.4849869906425712,0.48685119329035353,0.48723601193214816,0.4872621092963442,0.4885716213601871,0.48920199921843355,0.489484355437367,0.4883981560392837,0.48898826395990763,0.48960034740740305,0.4903731383356607,0.4915783612768365,0.49233973839084066,0.4934813195678834,0.49407600087371717,0.49460811576786246,0.4952238893892518,0.4962909053761894,0.49703277106633637,0.49813766064141135,0.4991392984646533,0.4994230553333825,0.5003559548248386,0.5014212082254591,0.5026259434594765,0.5031577350604031,0.5036287792848432,0.5046367200007574,0.5057799127029297,0.5069919290179422,0.5076245896635245,0.5083511869452697,0.5094653686495463,0.510317142000505,0.5111337271159675,0.5120822936991508,0.5129737990917507,0.5137635610287263,0.5145398526107897,0.515241580429564,0.5166145895749502,0.5176316698690681,0.5185863874821051,0.5196557051194747,0.520437875098452,0.5210774356351691,0.5223619952758339,0.5232338168463151,0.5240925638925538,0.5251784015851639,0.5255456448366345,0.5262318749278353,0.5272092395256744,0.5276268682494988,0.5278601306439842,0.5285338045302271,0.5292496921726985,0.5294992759611451,0.5306214741754063,0.5312742223255861,0.5320577536465566,0.5325973951180588,0.5334082837829109,0.5342531959670752,0.5352540165898646,0.536014345931469,0.5366967023212226,0.5378426739722695,0.5393622302728425,0.5399572490828821,0.5405035966199931,0.541352982647902,0.5417486433148004
10,0.789511822149336,0.5613684489804796,0.5508182922824088,0.5461258439973873,0.5423120610321771,0.538601271442263,0.5364386842238295,0.5344850002576271,0.5341037700673054,0.5346715053474589,0.5347716053547636,0.5347227161692473,0.5356362677707062,0.5371206550488381,0.5391215252924507,0.5404029792892525,0.541865351052153,0.5427452883231766,0.5432881552670223,0.5454197647348301,0.5463604701689612,0.5475512526526228,0.5493226401491046,0.5511534511377872,0.5517220598446827,0.5538256070215434,0.554617439848583,0.5558847846361209,0.5574758091859269,0.5600539473467552,0.5631847539852979,0.5657298670893603,0.5674918921661384,0.5689058402850412,0.5709803949231826,0.5731426855468362,0.5757247479565117,0.5771240031327894,0.5787224221388967,0.5820183480726452,0.5841305324210313,0.585296311306623,0.586632712974406,0.5890057608155151,0.5903576721422712,0.5920029305695771,0.5938636187836884,0.5945638765495135,0.596598027677932,0.5978040211636356,0.5991647771932725,0.6003010467526079,0.6021505166126917,0.6040938004566585,0.6050891720525323,0.6067702752837117,0.6084637293231553,0.6095037610612413,0.6105219950810628,0.6116035489883639,0.6126446646450315,0.6141264974340197,0.6151457920968503,0.6172477930538361,0.618138631689664,0.6196595798877991,0.6201727322855606,0.6212887393925867,0.6223614442336061,0.623522940436314,0.6246662550642227,0.6256553844036745,0.6267245812649587,0.6273351692825586,0.6287696093552883,0.6298131918058275,0.6311400435707007,0.6320501992510329,0.6333280766602868,0.6344693304911776,0.6359552673821688,0.6370774815052311,0.6377150907720252,0.6386686589398671,0.6395834550399395,0.6403266364858812,0.6414947249291281,0.6420384464055054,0.643113489075785,0.643851344273654,0.6448299507803252,0.6454869083891096,0.6454880774310998,0.6462723959908306,0.6470744641188815,0.6482883232355285,0.6493590764132455,0.6499982754538369,0.6508181819922573,0.651528307838453,0.6521586358454963,0.6524732604206456
11,0.7781432628744155,0.5826074046589478,0.574642917933293,0.569375618825847,0.5642191260361011,0.5618555887459731,0.5609913062584282,0.5623805568286049,0.5625838206855894,0.5643689992197755,0.5653621915298803,0.566112570458889,0.5677898231309306,0.5693092416149068,0.5723681704232649,0.5753926805290629,0.5776050569283572,0.5803061120240633,0.5827268954691662,0.5862443131260876,0.5899156263960688,0.5916280474255108,0.5947195040607,0.5955851066601223,0.5980522774066364,0.6003048525185752,0.6026643170275691,0.6051083975738,0.6077136955673902,0.6102756980938171,0.6128433161539745,0.6155638383746342,0.6180958825385098,0.62107617005201,0.6235661663253138,0.6273964642664667,0.6295876995729214,0.6320014480977506,0.6360720100300712,0.6375588638506917,0.6393906330903905,0.6419801113267659,0.6436834313631569,0.6461200048676595,0.6482026042941234,0.6494498394404044,0.6518068957621751,0.6533642415794592,0.6554373105001204,0.6578066844249362,0.6582169034791,0.6594217802837952,0.6611685169724136,0.6629673543927744,0.6645840811799606,0.6662562233207682,0.6685918104712572,0.6699565152428698,0.6718807620960202,0.6733792139382041,0.6751234886027544,0.6773452301380605,0.6792205812906829,0.6802482191754926,0.6819149733440826,0.6847209598047387,0.6857867196842256,0.6870357511559351,0.6884122683277691,0.6901373363182403,0.6912681574272536,0.6928764427908348,0.6939331606194101,0.6947701752328385,0.6954163442044614,0.6964979384052099,0.6977774378417854,0.6986550601723924,0.6995399898337163,0.7003351451321118,0.7020113143619346,0.7025698203377562,0.7038163262967672,0.7048954092351136,0.7053405627096976,0.7063357215202554,0.706842039963848,0.7075911883628473,0.7085606971453173,0.7093284943923314,0.7101072464636778,0.7112079309534014,0.7119313450580556,0.7125230925194759,0.7121205617108607,0.712622380746106,0.7129024115161692,0.7132843403545909,0.7140752306472578,0.714631739369486,0.7152735475581329,0.7161152555532736
12,0.7667611135383936,0.5972112772600201,0.5911045004887597,0.5881966593275257,0.5869577379512986,0.5865328523609578,0.5869250982415316,0.587288707605283,0.5880561698935725,0.5901115266236917,0.5935625370910664,0.5965749096642557,0.6001579647183181,0.6041153155096214,0.6084774641170999,0.6126550164895347,0.6161330726510906,0.6203941027606361,0.6244766318542978,0.6279761063397403,0.6311303874865979,0.6357686735251121,0.6399737761450325,0.6446525426546764,0.6480993124983017,0.6491355195432563,0.6521627424946017,0.6539794323724767,0.65818421190845,0.6611306382644064,0.6647688130968515,0.6678459907430806,0.6711467542518124,0.6739456391368226,0.6768915073362525,0.6798354603341282,0.6830539105153047,0.6858672533446262,0.68838958343193,0.6907763220399812,0.6928629624819024,0.6954015526138189,0.6970374726414571,0.6996331153582873,0.7019296873229719,0.7043671064283022,0.7072535938909928,0.7095977492176165,0.711849203117124,0.7144910470926871,0.7168373069013211,0.7181769121030142,0.7189337631292398,0.7205928079537017,0.7229898354335161,0.7239034106416449,0.7247923084035568,0.7269248465882121,0.7289213522182326,0.7305358724343074,0.7321975792440759,0.7335672367926169,0.7353439082201407,0.7361421565977971,0.737070318758212,0.7387213671546785,0.740312800454168,0.7413087567845472,0.7420843585463589,0.7430918093841508,0.7441713665676176,0.7451002877733774,0.745953370864662,0.7482948384422763,0.7485773519951897,0.749555227219504,0.7505825601628375,0.7504538346192704,0.7509261839773675,0.7514396843755672,0.7520825989661135,0.752967987261348,0.7540215580379811,0.7541770196293434,0.755165025262774,0.7556009562261371,0.7563240731495116,0.7570903039976611,0.7576235021403404,0.7575949220761415,0.7582680218559695,0.7586802634003778,0.7593029790954653,0.7598185120597185,0.7604019007763316,0.7608762256968205,0.7614191065285083,0.7617815917065587,0.7620010923516137,0.7629051523940217,0.7633607578353285,0.7634337813831449
13,0.7554318702885414,0.6060772745133864,0.6002161387862404,0.5984482109003193,0.6006211040881515,0.6026232016626852,0.6026805978565051,0.6046817044695179,0.6070164441088505,0.6091222692952458,0.6131274107074683,0.6165418127007145,0.6198566277528965,0.6241375852183705,0.6273045992492617,0.6308974546201948,0.6351550212616424,0.6405648565394791,0.6453293377708501,0.6490938635158627,0.6550651888948815,0.660084033076523,0.6631928977040246,0.6670803063000774,0.6708855882588709,0.6741741990640259,0.6776733188390043,0.6814210699249612,0.6851096484642679,0.6890555515542488,0.6924666943297044,0.6952886832919443,0.7008596876319175,0.7034064728461608,0.7069692156712342,0.7106166404179269,0.7130605465274643,0.7159389529662717,0.7188347966286951,0.7215348636492475,0.722938637747627,0.7260022954468205,0.7283322304691227,0.7305187505962318,0.7318449468656996,0.7343750836027968,0.7364699887611814,0.7377725707513677,0.7391350040252641,0.7412700035798375,0.7426256455162452,0.7429121242257349,0.7442895399422971,0.7463408362140692,0.7478665403738631,0.7495586071863904,0.751093207489746,0.7520510082875895,0.7552947603869437,0.757160600252243,0.7584205482640529,0.7608392676486403,0.761778397527676,0.7628097572108017,0.7632354182032334,0.7641264145411624,0.7652563458079874,0.7659328872835607,0.7666521074280954,0.767481157943767,0.76826253237379,0.7689494334518464,0.7699300044302766,0.7710915892102055,0.7718258330895194,0.7728904646214566,0.7733281558659078,0.7744187882263963,0.7749077260123313,0.776045852812574,0.7762073314285151,0.7767874046281003,0.7777448102849214,0.7787055885392543,0.779451379383813,0.7795286291785599,0.7798272990228551,0.7800778999652709,0.7803595567187527,0.780261417768383,0.7808342436322118,0.7815522335947508,0.7820348368020149,0.7824959489454678,0.7827610520709555,0.7830723520336758,0.7832860562951679,0.7835007266002588,0.7835935018857856,0.7843771102194773,0.7849954635204892,0.7851988728729399
14,0.7440889945085255,0.6114599268247372,0.607647420459335,0.606105518981652,0.60575724274223,0.6070503185082844,0.608629254330637,0.6116806207918671,0.6138923880748759,0.6179661115808375,0.6221268061583346,0.6265092565287795,0.6305509043480133,0.6348000957005551,0.6392069806555638,0.6436774641786597,0.6477786028054755,0.6510705533819144,0.6539472846957457,0.6587242502776017,0.6623136117882279,0.6669599265382964,0.6716692729500437,0.674254902797625,0.6773797451092283,0.6793062057327893,0.6826217467945787,0.6852191390968674,0.6882614515437822,0.6910572354579563,0.6945453957536433,0.7003158208305165,0.70350467330257,0.7060857724727867,0.7081921039893866,0.7099185031645835,0.7132467696605389,0.7163786593640401,0.7186377902637117,0.7208814378080038,0.723519553873735,0.7259025667641581,0.7282792122610394,0.7312246363272135,0.7331370240297139,0.734116442991353,0.7362300026973835,0.7384613159618151,0.740374446468044,0.7410446869387532,0.7426419557225693,0.7437694208705666,0.7448508238800287,0.746319646360345,0.7477995951857642,0.7494449119232074,0.7504993855619896,0.7505739288523104,0.7516596009214257,0.7530902408610581,0.7539439222897576,0.7540099548559854,0.7545089827979524,0.7551644978812412,0.7560850244452167,0.757200140272684,0.7579397767228823,0.7584566483355872,0.758680407021726,0.7593866289556209,0.7598100669586677,0.7602193208352492,0.7607445256191202,0.7614846446819332,0.7621603234200791,0.7623430807881603,0.762413135089471,0.76341408168032,0.7642649476091044,0.7651440259320115,0.765498567851124,0.7656459225255959,0.7659998788118937,0.7662627412617273,0.7661342852017707,0.7661648913914935,0.7665884247471575,0.7670722378398996,0.767564255383263,0.7680130875118274,0.7684379773891704,0.7683543644514305,0.7686850058146064,0.7679726071662119,0.7687078489260342,0.7686351234287293,0.7686732001799611,0.7691637065950588,0.7691667078419375,0.7695869950966181,0.7698511430916037,0.7698455766253848
15,0.7327326379181702,0.6179822482336721,0.613036544361652,0.6119644685590088,0.6127858720538125,0.613409723626006,0.614712139123835,0.6173967327363716,0.6209930790476874,0.6254852257608113,0.6299812232356505,0.6346241689784643,0.6399814902942469,0.6441734389549195,0.6487089628487205,0.6534580788221532,0.6577628848828573,0.6615312547863271,0.665168114293158,0.6699108648203193,0.6734002948667485,0.6778273514236727,0.6799804252174788,0.6833676962659182,0.6866734195520737,0.6890022760297257,0.6923961655352928,0.694505479006837,0.6976777222623208,0.7012028492871006,0.7036192221990716,0.7066127611506785,0.7096236659213936,0.7113605560486521,0.7139037401522859,0.7156113706416056,0.7172576941611154,0.7190014359671,0.7205850843508217,0.7228637373227663,0.7243363923870197,0.7262494188731502,0.7276163420932356,0.7288435123472516,0.7310510079279199,0.7316900745197262,0.7327355032369672,0.7342312539209777,0.735044079152321,0.7363626380316213,0.737640946219182,0.7386464926664036,0.740017017813984,0.7414352963336325,0.7424424913991328,0.7436352765129778,0.7445747199722104,0.7456938755592161,0.7461567954895189,0.7471789003397353,0.748181550595134,0.7485036395943806,0.7490395116716312,0.7497309775794724,0.7503276948341263,0.7510816360810213,0.7514856089835449,0.7521775674561025,0.7527863185303729,0.7547082890114454,0.7550607265986098,0.7554080815088889,0.7554900539840471,0.7562371786638192,0.7557058641551248,0.7564413144113832,0.7567983479522443,0.7580809750022942,0.7581828574198012,0.7583065452661593,0.75867811041119,0.7587447044765873,0.7591660471364816,0.75870664933087,0.7587642599814896,0.7597813590813327,0.7585090759618628,0.7589071563444229,0.7599348995404867,0.7597529927172361,0.7600941530105969,0.7598454051425302,0.7595897205949994,0.7597905393608085,0.7600251584363051,0.7604024600171541,0.76010866779343,0.7599014322808322,0.7600672997139419,0.7597854720077233,0.7597289196112998,0.7598924472291186
16,0.7213829851697229,0.629749744544003,0.6236735361881691,0.6198681616995321,0.6206235376044933,0.6219818042917754,0.6228681579866502,0.6261761202686279,0.6297605694327845,0.63163530872617,0.6360345730078729,0.6404924684347779,0.6440728178941367,0.6479540005674721,0.6518070039174697,0.6568087844930781,0.6599892668177484,0.6624599264016213,0.6655430070565064,0.6689336661047683,0.6724341618856597,0.6736741682948004,0.6772850821739598,0.6787363039097308,0.6803707864851137,0.6825050649067148,0.6836641026138455,0.6859881954090109,0.6879489702332084,0.6891347977436708,0.6894663341372002,0.6910144944686193,0.692207620096829,0.693610604343981,0.6951142637261228,0.6965113992944565,0.6983747846523908,0.6985829596156713,0.7003522862850212,0.7012948408194615,0.7029359739713291,0.7051833501246162,0.7067715542363261,0.706868104836041,0.7068407517095927,0.7073290887574595,0.7074932538582211,0.707882965052921,0.7087808517229631,0.7092099805870973,0.7097260296413539,0.7094429782292053,0.71045947626736,0.7110766496658698,0.7117909923378934,0.7119471179837651,0.7115749418437104,0.7118777374405107,0.7126450423407693,0.7129732379690106,0.7134922212949392,0.713884829302177,0.713833986182437,0.7141854514762762,0.7145014833030555,0.7148609459783334,0.7158876742402323,0.7162737824555195,0.7167648369220593,0.7168078027362943,0.7175010650209969,0.7175750312025607,0.718810043625415,0.7191313207461373,0.7193589236029105,0.7192436199601022,0.7197145064600329,0.7200639387349224,0.7198771483327314,0.721051683190992,0.7216948702854252,0.7221514205922688,0.7218350321186573,0.7217133751707804,0.7219873131071131,0.7219173288251104,0.7215206254421296,0.7210789183285857,0.721014354352102,0.7213604491374851,0.7212189749611302,0.721197380040588,0.7208675028843249,0.7209257911838958,0.7209145382028646,0.7210961043968932,0.7208526502427806,0.7207339698451789,0.7211408979815821,0.7214129377729994,0.7215585995860364,0.7216961758486244
17,0.7100235096702847,0.6466778712130303,0.6422658677644333,0.6375683388364393,0.6356754714419138,0.6343458752028213,0.6350190819291613,0.6370470264291838,0.6398263018601128,0.6424842861741024,0.6452995707404012,0.6481592389363701,0.650928986971007,0.6539347211579285,0.6561600812016412,0.659433857065014,0.6608559007678906,0.663648797401639,0.6664760635749447,0.6689901483670991,0.6730877689712841,0.6734377948935278,0.6755574415781266,0.6772793543622864,0.6789003958652325,0.6803494007904277,0.6821929619353722,0.6835600832860106,0.6847352256401593,0.6850290294512712,0.686223799418785,0.6872217483828363,0.6883818906487605,0.6892370345921863,0.6890408566369873,0.6897117434807234,0.690239967347194,0.6903727091720714,0.6909799336181099,0.6901739562415067,0.6907655345308187,0.6910155691941627,0.6921373029887464,0.693064039898152,0.6932130559451625,0.6930280147479703,0.6926513548206292,0.6921600722840278,0.6926161622152107,0.692034736951784,0.6920450718510195,0.692529042020253,0.6920460994351377,0.6924299522369634,0.6922391568931673,0.6922458530912566,0.6921839529269181,0.6917912903054305,0.691973662028406,0.6927466083922347,0.6928761865818434,0.6930238973999993,0.6934455775611658,0.692624330585796,0.6934638247169238,0.6936302391251604,0.6937722051963275,0.6931562267457777,0.6933409185843491,0.6928447391509277,0.6932290370637374,0.6927992456854856,0.6928955325706394,0.6929820949240131,0.6928332341364286,0.6921635453631219,0.6919686049694463,0.6924358357940751,0.6923575459997282,0.6920698703163761,0.6920795019883084,0.6920174045833646,0.6915635585725785,0.6910323968317358,0.6904165940807983,0.6903514095504563,0.6903724188477804,0.6913140009996254,0.6914761374838603,0.6912164291943566,0.6911685501550119,0.6913421492144485,0.6918332783958057,0.6915295256682912,0.6914885062253087,0.6920274560110402,0.6919947892684967,0.6920315697030521,0.6919045454759288,0.6919923137591709,0.6919423902142507,0.6922851818771685
18,0.6985764056404368,0.6823135563182401,0.6743460851113878,0.6672267830125084,0.663962221328764,0.6625606602406295,0.6622671123892676,0.6625483792579423,0.6638366534988992,0.6642027477922718,0.6661529533827416,0.6672816938488159,0.6687718790837383,0.6699108325813768,0.6711380456148048,0.6724535514854251,0.6731849943796544,0.6748362868732402,0.6770716409207994,0.6783292049042319,0.6788150558930792,0.6795547372211774,0.6792276825752198,0.6798479940290392,0.679536391496267,0.6820750859106687,0.6818010388164227,0.6814898672810042,0.6810001593939478,0.6803499205819445,0.680274392504615,0.6816795697167465,0.6820326557848069,0.6822103439351628,0.6803089799139603,0.6796662943448504,0.67766444261218,0.6777024591218574,0.6775339699153106,0.6793369405978142,0.6804122609092094,0.6824881840097838,0.6813079109462904,0.6806925567097991,0.679956254339008,0.6797918271825837,0.6790300092924845,0.6783344122134961,0.6776781228540377,0.6770974492309805,0.6760635372044594,0.6760223514581575,0.6759374074790133,0.6760256704611827,0.6756870269762674,0.675388299204404,0.6754695220145651,0.6751446505807905,0.6746376182465594,0.6745738270405364,0.6739596779667458,0.6742968469226734,0.6741561152549731,0.6739646086540801,0.6744505515250037,0.6744280756024168,0.6739596584312003,0.6736069331396439,0.6728600891309432,0.6725190576555122,0.6721170441899769,0.6720352932050191,0.6719705704224798,0.6707607130814454,0.6701281074997246,0.6694531913235906,0.6693328557231517,0.6689041459714533,0.6689397117372978,0.6693629481663291,0.6693021732320481,0.668767795549726,0.668529716707455,0.668499498933276,0.6684270768702063,0.6681393552362094,0.6679595548713441,0.6677108831711189,0.6676668387495875,0.6673202077014645,0.6670177897579328,0.6667032325963694,0.6665395549258025,0.6664485249604137,0.6663229543319943,0.666232063351437,0.6661209220704637,0.6660550882556746,0.6656293090055783,0.6657366015083958,0.6658332012414382,0.6654753850659341
19,0.6871779842877628,0.723315880171752,0.7126668764878608,0.7068236155529466,0.7013288495072152,0.6975487105352902,0.6952370744202947,0.6940465535935872,0.6941699706155472,0.694148657304539,0.694443561258144,0.6944066452896808,0.6940876165812474,0.6934054428288496,0.693722797807551,0.6940282395488949,0.6935325464572522,0.6927798555488796,0.693479365025733,0.6924098227804534,0.6916944611680972,0.6905680637250049,0.691466666370935,0.6904510753847609,0.6898859514512816,0.688988121296576,0.689936631825068,0.6892659886071264,0.6884945956346542,0.6878426512254064,0.6874888425343322,0.6861989405483199,0.6855701004746677,0.684207899521372,0.6834532686171384,0.6817468334697395,0.6809879065099617,0.6787956181048779,0.6789958765342702,0.6783424980698662,0.6773116131598316,0.677987101339061,0.6773944542749588,0.675953477799618,0.6747160174598565,0.6732554333760379,0.6728143568075146,0.6725279273008404,0.6721725881886661,0.6715334909527714,0.6708557000154607,0.6710614596362152,0.6697074840485177,0.6688485107275863,0.6685087037167745,0.667832828773733,0.6674356518543348,0.6664052123616769,0.6653646022550315,0.6645867747480648,0.6645045837621072,0.664623024871033,0.664020339980096,0.6635864394432106,0.6633579593849396,0.6625367851437253,0.6617440979281165,0.6611765493748176,0.6604164700776439,0.6597710762940606,0.6593769186811345,0.6591341460098126,0.6588341450938405,0.6582062884073001,0.6569881135584065,0.6564961264702277,0.6555590076681563,0.6551711798553984,0.6546748672365854,0.6547391031274551,0.6542997737820159,0.6538484772996868,0.6536316578493686,0.6534267309592451,0.6529068084317657,0.6527474120569676,0.6526185312803466,0.6518887333717969,0.6514463029249373,0.6512178943340536,0.6509010321584063,0.6505289773000967,0.6503531605029396,0.6505125884726894,0.650118312870859,0.649932710562546,0.6494141009115829,0.6485231326026197,0.6481829944855747,0.6479486480927453,0.6480044086667116,0.6477108728460639
20,0.6758465459152503,0.7761041397946108,0.7641088477662421,0.7524942877131515,0.7445843233020515,0.7385591675379397,0.7349899282606677,0.7303947770938034,0.7273398905619494,0.7260101648546393,0.7248206233770724,0.7234398601492393,0.7214376378849204,0.7206503188816157,0.7187240253256845,0.7168612402616191,0.7163532543253944,0.7160575228886825,0.7144675143280969,0.712634411976214,0.7105569319817738,0.7088014433421874,0.707251378051849,0.7054104401484252,0.7032965746151763,0.7020453751537952,0.7003620023230349,0.6992085112796003,0.6981036900719554,0.6968288515568734,0.6959426485516539,0.6944964756886467,0.6940513052543371,0.6930426458061083,0.6916789633189272,0.6905548797213024,0.6867221504955816,0.6856239459523155,0.6837191813086101,0.6820924750978478,0.680956823436972,0.6801120388680952,0.6783262740363318,0.6767970405888527,0.6752283522805632,0.6747706153741823,0.674523425993051,0.6730311623987335,0.6728390804601396,0.6714977492776807,0.6704733253647559,0.6695952411733943,0.669242437450744,0.6680223177028569,0.6658492683571677,0.6651228406568755,0.6640627051786192,0.6625779629301525,0.6614905269270407,0.6610817087254368,0.6601161703523563,0.6586612386570491,0.6573785929743902,0.6560024709973926,0.6554291568955793,0.6551525786850688,0.6542698027543872,0.6530979524349791,0.6525388277369244,0.6520221238014692,0.65164559977875,0.6512389729713923,0.6510988129949558,0.6506378089257778,0.6504266003842415,0.6499738815916237,0.6492591529940899,0.6482515679450472,0.6480723557059391,0.6479443497393786,0.6471515498438288,0.6468188738629634,0.6465743867965155,0.64716304354223,0.6470665797882007,0.6465468768854427,0.6460568860188451,0.6457420741918007,0.6456071491809666,0.6453170183848825,0.645174078862469,0.6447929803632529,0.6447571264550674,0.6440726921434834,0.643771057348633,0.6437473108393316,0.6433376543207889,0.6429407788455102,0.642700131698288,0.6425451342765796,0.6426108578844821,0.6424783370351149
21,0.6644489362355801,0.8421239134251091,0.8322480705704073,0.8263270721539858,0.817450084262651,0.8134215494108445,0.8097149203853861,0.8059610724785222,0.804650566835961,0.8025948621718907,0.7999488436205945,0.7981145764072642,0.795075523915586,0.7933060253428228,0.7901223408628191,0.7875972974288327,0.7859277401316574,0.7837761726517655,0.780808180177216,0.7785977963586364,0.7788066595964227,0.7764045868319908,0.7742245105854837,0.7725246447184398,0.7700265316120538,0.7677883842827679,0.7656269186970706,0.7632561395342068,0.7624287949898267,0.7596054985671088,0.7579213377373856,0.7559391456661619,0.7535982990714295,0.7509716501086947,0.7487731076910701,0.745895345599985,0.744409276802161,0.7434974624361159,0.7413727919756221,0.7391105857171069,0.7372265935983138,0.7352448046008845,0.7346103661073641,0.7326828959345218,0.7305572030240587,0.7295508609057116,0.7280527774307869,0.727338583408418,0.7254788301546018,0.7239946764856704,0.7230104250177979,0.7219944055537751,0.7204363867728967,0.7191966247204131,0.7182977464762487,0.7180815186624722,0.7167829475889395,0.7149470148728467,0.713777338636024,0.7134345550038457,0.7127672783226026,0.7119013660525817,0.7110919791109855,0.7098035101325856,0.7091239255374188,0.7089680917239766,0.7084562216639293,0.7078879983896248,0.707245600198034,0.7067479661123003,0.7063407151831645,0.7051868110484456,0.7042593482487214,0.7037097747804715,0.7033249633438793,0.7027731789793177,0.7018628634242745,0.701327501322916,0.7011244182581662,0.7006180728492097,0.7000948244851419,0.6997323312592171,0.6994307876059063,0.6990136059478852,0.698838690332757,0.6986136685105876,0.6982744183320517,0.6983321352426662,0.6982894834716689,0.6975007535040434,0.6974614678337426,0.69741601316065,0.6969782824059378,0.6965611523403736,0.6961540645702494,0.6960122558933806,0.6957074533793363,0.6956871932732623,0.6962476762260913,0.696264528716007,0.6963818086978215,0.6953469154918438
22,0.6531348200327223,0.9213316701564185,0.9185372417086106,0.9133644504515757,0.9088787089071253,0.9047403730883762,0.9020450225666665,0.8991969301282065,0.8974829017210724,0.8953226102170173,0.8937591587228971,0.8899427050310295,0.886415780962926,0.8843327225077964,0.8816309751246075,0.8788222754384325,0.8763467426325385,0.8746355692977392,0.8752839452359511,0.8729740591757715,0.8712162876998462,0.8688276680397317,0.8688027439683365,0.867542176276523,0.8662634867228188,0.8646526946962275,0.8631435150889494,0.8600409414906913,0.8584900868433382,0.8561139721932735,0.8543368079958931,0.8528048881341136,0.850737153836852,0.8497518630374185,0.8479755190171866,0.8461334303240732,0.8445319423727844,0.8425571830445495,0.8415715605569745,0.839437499266208,0.8382298456292071,0.8368371217725792,0.8354818290530663,0.8340347120593675,0.8337302317964607,0.83175133798623,0.8298267783709357,0.8295155983400948,0.8291417658418695,0.828696289354852,0.8280442498319096,0.8272472201697888,0.8257659764078377,0.8245954607667093,0.8233693458556122,0.8226387127731036,0.8217023218089731,0.8211296098998632,0.8203181804212389,0.819663553929873,0.8183763423696834,0.8175432758172613,0.8168964608917342,0.8164179093268287,0.8167435090385675,0.816062260749952,0.8153283148233086,0.8149173679037962,0.8145364308012731,0.8136525214696937,0.8130843276090793,0.8131707894033772,0.8126814848822074,0.8122076903001655,0.8118466481197684,0.8113815352434657,0.8102839628139146,0.8097086308755129,0.809573832575655,0.809340719940077,0.809014577566684,0.8083480955005905,0.807812897041697,0.80637036615336,0.8069082161310307,0.8067800124714432,0.8059851916019496,0.8054909754082548,0.8050878255837871,0.8057773125203505,0.8055626825252182,0.8057690702116173,0.8053364588106047,0.80479024532084,0.8042170154433455,0.803857262623856,0.803442707773524,0.8029008675983765,0.803366841204645,0.8027202742008593,0.8020842660062341,0.8013852701070424
23,0.6418209381998354,1.0175411935965535,1.0124958597385074,1.0069013132277045,1.0057252888513821,1.004614532608131,0.9987267905689092,0.995840113509999,0.9925668898850383,0.9915419532326566,0.988332335683805,0.9877098457316024,0.9856515555796369,0.9813737618965198,0.9786420507701779,0.9760608776431935,0.9729707647825356,0.9705487808811387,0.9687519074921666,0.9663787936801136,0.9647279775368949,0.9631180816849614,0.9598425969978447,0.9572766146205907,0.9548140847787816,0.950645245750234,0.948314163130621,0.9465169652195696,0.9449730125259014,0.9425314702824235,0.941599768080358,0.9402072775172671,0.936837750478086,0.9356199787822131,0.934482091442604,0.932756788517028,0.9311384632082811,0.9294716019978259,0.9283612735263007,0.9268698517090302,0.925910209399744,0.9234309298702312,0.9213464587281067,0.9204483134505207,0.9195254970932014,0.9186796061735046,0.9180048321844608,0.9173794609507735,0.9171927619381257,0.9159370340300198,0.9141914207124012,0.9127137380356929,0.9116360282552065,0.9098930775838426,0.9098712372464381,0.9093067437211755,0.9090456420093194,0.9077151496098039,0.9062829296618208,0.9053116105348549,0.9047365331404591,0.9043777560063971,0.9035510446519744,0.9026671235757817,0.9025554460293563,0.9012881113398133,0.9010653259717272,0.9004175620241798,0.8994345123070153,0.8994481119005429,0.8991103425829972,0.8970972257764983,0.8965745366185643,0.8959337733311243,0.894548654977961,0.8934233964757083,0.8936022463329581,0.8929266096126867,0.8923717088193326,0.8922313527730351,0.8922913033671792,0.8917347716376467,0.8911383213915531,0.8901962651022913,0.8901651990242075,0.8895339297286408,0.8892023301898697,0.889020141661075,0.888756873037079,0.8894421724485206,0.8895283433681845,0.8885770913943715,0.8882143605423112,0.8878279059241979,0.8867845002268974,0.8863439674966984,0.8857479223363609,0.8857954471211879,0.8855651421415007,0.8852271085050275,0.8850497818549113,0.8849887904172499
24,0.6304239843888074,1.1341121417436035,1.128543497140606,1.1248308370244422,1.1201885902351556,1.1181271787936562,1.113493210085005,1.1090441535547284,1.106782722999897,1.1028482776195758,1.1013179430091957,1.0991314812593602,1.0979056965157319,1.094588968715713,1.0910266482652968,1.0890466051463374,1.0878552207098489,1.084693698064339,1.0812485219105141,1.0786687000982258,1.0765848232411486,1.0728468284172217,1.0703649806875215,1.0667018731083346,1.069121679447625,1.0695856821426024,1.0674441897549176,1.0659542514304876,1.063937289973502,1.0614553603973502,1.060376149623358,1.058024495096862,1.0570825550469287,1.055239070700114,1.054052738764427,1.0533661936493053,1.0511167085888642,1.0528602056156018,1.0514541412221847,1.0489355812449912,1.047924027180673,1.046240418102853,1.0443676654068175,1.0424181376257977,1.0421447207630261,1.039927829656362,1.0400362439531452,1.0384236080837512,1.037644299417198,1.0365152853646586,1.03579230270341,1.035110952114856,1.0340248606836935,1.0329943870418177,1.033162989429703,1.030849485969989,1.0294975240083433,1.0291343822400312,1.0280696707905466,1.0270946175540034,1.026822852939481,1.0254985895653328,1.0251058172273864,1.024519276821756,1.0238789158020418,1.0235251472659042,1.0232230005991925,1.023381259285103,1.0217094749763018,1.0210137851064365,1.0207626570613755,1.020648217228218,1.0197580904804318,1.019669475040025,1.019095174531351,1.0187762189603555,1.0188150340955973,1.0186759443933793,1.018505046837301,1.0181456021739583,1.0181624975480374,1.0177776644302268,1.0176651279964413,1.0178550395167123,1.0173348217963318,1.0177855257156043,1.0174111159762218,1.0181509595176341,1.017525396924774,1.0177261245703597,1.0170066181116273,1.0178971240530679,1.0180209611683577,1.017351270142783,1.0174561194707006,1.0174697742253058,1.0174418949915347,1.0171705211161464,1.0165555388732344,1.0167403848474303,1.016129691501534,1.0153399098474267
25,0.6189854212482844,1.2711359455520557,1.2683514605835722,1.2687879905281394,1.2668440897457007,1.2626293105294775,1.2597252465878246,1.2578528084042906,1.2532207737444592,1.2511508105628886,1.2486209937122876,1.246047736081193,1.2453108201909493,1.242946839038143,1.2425501357252575,1.2393746002115054,1.2359895357898418,1.2334754763173448,1.2324434358223946,1.2299208195805116,1.2281086540072488,1.2255998635453058,1.2219728319281895,1.2235854055649762,1.2213797575113146,1.2195832031374765,1.2196978706609463,1.2184323461941695,1.2181713385816613,1.2166120184041875,1.216134620403915,1.2155482539722686,1.214329872751079,1.2127737060699932,1.211437389745025,1.2093689925305426,1.208396797845497,1.2061459547070947,1.204474248609124,1.2032037255361743,1.2017571848086195,1.2001538591259955,1.1993029172533447,1.1984857258348318,1.196689166330338,1.1959486952443887,1.196489259497447,1.195547047090644,1.19409984835881,1.193782355693123,1.1923927274080337,1.1918763417073557,1.1911619682381063,1.1908799317505698,1.18958097544732,1.1887683467598005,1.1884716281636456,1.187928462192187,1.1869506922100572,1.1867966587924645,1.188583722079146,1.185476768212651,1.1876370665212392,1.1877449257922013,1.187666785350275,1.1871960223787614,1.1875071542266205,1.1882409165382344,1.1884361022582464,1.1883187509558384,1.1876981269067446,1.1864987727543852,1.1857617099093194,1.1856592955996403,1.1821683576125337,1.1821168537839368,1.1831284463410832,1.1807835019601196,1.1806558797185032,1.1807639653123692,1.1808408512161894,1.180419823019409,1.1800536816752507,1.1799899671095349,1.1784630152108904,1.178788817975252,1.1796482999197064,1.179913511934875,1.1787047063275882,1.1785045301772077,1.1778370913700176,1.177472184598467,1.1773134908982978,1.1768583292688355,1.1762754865734741,1.1758254701193926,1.1743499488058822,1.1744174153377493,1.175277025431657,1.1757871555905066,1.1749066037560765,1.1746298941656197
26,0.6076714726241182,1.4268160960109346,1.417989139855347,1.4164106658660456,1.41346015112615,1.4098167834574038,1.4064023720852874,1.4047324910864296,1.4031935350846396,1.3979097109214118,1.396902590717793,1.3961870578598747,1.3949705174297002,1.3916143603799334,1.3890841018308073,1.3884589569980046,1.3851782948652385,1.3832788100354494,1.381148842504782,1.3791324925772444,1.3765688860033005,1.3751286637137912,1.3759564296567703,1.3748390833940767,1.373408478795385,1.3706019357731634,1.370420073640434,1.3700069787452946,1.3695748697325874,1.3669040364326654,1.36547797762398,1.3649209931320405,1.3630893815954792,1.3621644451595296,1.3624069864651551,1.362377349261385,1.360227465172838,1.3574295520271034,1.3561261234101771,1.3565001338766312,1.3560500594899925,1.3572636754744491,1.3559043806166864,1.3560861792282197,1.3565682344353058,1.3549648250646147,1.3557424951668333,1.3556238113995227,1.3557191861662015,1.3566323823310549,1.3566176571392052,1.3562020749199148,1.356950246066555,1.3562493228286627,1.3563677996020327,1.3568064241076319,1.3562293597847432,1.3553872859769416,1.354990084269976,1.3544992352188987,1.3543993640753726,1.3543405382854246,1.354169766712881,1.3555008682111716,1.3547727006915076,1.3540482993215521,1.3546286875592952,1.3524781045631917,1.3523601779037269,1.352694869834531,1.3520109857098792,1.3518129305014672,1.3522589205282682,1.352672595361206,1.3527097479469148,1.3525596168511298,1.35280689695283,1.3545037027671314,1.3546982837932287,1.3544395972312646,1.35614996535646,1.355948932289068,1.35543811486533,1.3553538681243087,1.3558470916551768,1.3561054385326208,1.355564668482845,1.3561323234913853,1.3559148179731124,1.3555658679623255,1.353854129574013,1.354290707761977,1.3544115961310461,1.3544222454783286,1.3547742353590857,1.3545683289051564,1.3537072942355255,1.3534992097931062,1.3535570325405561,1.354005151960156,1.3539272846466006,1.35490610603068
27,0.5963987897754233,1.5912118339286896,1.5865769305018977,1.5823571918812736,1.5790631167462676,1.5758338081786327,1.573721514851761,1.5708050694370366,1.5701935257729476,1.5707582346604179,1.5706346301369756,1.569665262405437,1.56929014766349,1.567701218554973,1.5658987157187143,1.5635934291184965,1.5610936927383143,1.5574685526494692,1.5588466844847075,1.5597768047846974,1.5597308274983028,1.5602631574137702,1.5624084849149866,1.5619269830042932,1.5649459868720719,1.5654929948191074,1.5660959086104878,1.565927318169928,1.5659214589492614,1.5704615365542873,1.5698287890554388,1.5695638265158658,1.5694973646898567,1.5703544350589795,1.568973150392591,1.569129189505155,1.5691433093216098,1.5697276644155431,1.5689548829966884,1.5680178748989868,1.5667919858355508,1.5649463951145726,1.5633059401888338,1.5632176961240176,1.56339312161852,1.5629409558262808,1.5639057524713198,1.5636517630281674,1.5640236831294556,1.564717188029124,1.56665268477344,1.5674300680362894,1.5662558854138389,1.565404343698916,1.5652151486502868,1.5643981820864268,1.5644172891261192,1.567034806754023,1.5665262272731255,1.5669416080419705,1.565841165719211,1.5667148926171457,1.5678705734081724,1.56790325272776,1.5673611008918222,1.5660277808665801,1.566369502242061,1.5672580384171253,1.5667193997840427,1.566961249803519,1.5678524063246613,1.5671840391324188,1.5672950387670643,1.5663332529935488,1.5674860428272948,1.5691471393327658,1.5694185476580862,1.5697859815860842,1.5688881515014714,1.5697357920665165,1.5697975262315667,1.5703839205442824,1.5709741718983279,1.5691283927675514,1.569747097189966,1.5705562619188262,1.5713927839355795,1.5712455910587626,1.570905259837197,1.5722775762934877,1.5721042456650425,1.5723836375443656,1.5725585975641447,1.5725744444488423,1.5724662932976678,1.573118703785047,1.5734218999593423,1.5732779837414803,1.5735860771177284,1.5737898445109455,1.5736684417139766,1.5737475662299374
28,0.5849591770584534,1.7501368129781085,1.7471797372338849,1.742829240956529,1.745033743139498,1.745000431338889,1.744241529990853,1.7405991413483617,1.7378385925533508,1.7374817118910344,1.7374321346073056,1.734464022474053,1.7306516534839271,1.733416130330508,1.7347424473477546,1.7328106217624435,1.7316669100027389,1.7290724090699396,1.7302814458762752,1.7324213610655657,1.7303231511004982,1.7309223017085242,1.730869301199529,1.7308178351708867,1.7301595823999936,1.7320376421392305,1.7305966068144734,1.732594978001962,1.7319788864215182,1.73116011735835,1.7325933786725216,1.7314546497579868,1.730861287242999,1.7325996429801958,1.7307112583283881,1.7308473268173743,1.7299803529758024,1.7329780424702603,1.7346038241017026,1.7328306913940619,1.7338017372749708,1.7313078475871877,1.7300660412490454,1.73100560873305,1.731640565339195,1.7312987627023528,1.7326719882909334,1.7322453571383525,1.7323535444871068,1.7325390376210765,1.7325801962616967,1.7323097628747113,1.7322440364288756,1.7322276816029134,1.7331897531929432,1.7333066567631148,1.7337682720239984,1.7331982067143317,1.7347962851652903,1.7337836081990903,1.7352906411534474,1.7353492835455602,1.7360270047023227,1.7364045912389598,1.7359441069308683,1.7363320591571367,1.737610923557042,1.737679647588357,1.7368732088203038,1.7370742156097183,1.7373418616862457,1.737279941267963,1.7371104101513104,1.7384195214112872,1.7401122706291028,1.7416614681262368,1.7421545943101224,1.7423475654463318,1.7428721140537755,1.742580806050134,1.742636226869468,1.7435001839170299,1.7427960210889037,1.742880253450133,1.7428046741068268,1.7433868087280464,1.7435229326556891,1.7421219843923146,1.7426854902532412,1.7431347714603542,1.7429619202715565,1.7432708826575132,1.7442354070249788,1.7442625426329572,1.7442155878037315,1.7439654360162444,1.7437163484410199,1.74506145162592,1.7452934264933502,1.7454081154901737,1.7461260429557215,1.7460238482123094
29,0.5735188603917707,1.8701308737917397,1.8687756910752658,1.8732387717157997,1.8749016251819295,1.8803324282921514,1.8790055687450897,1.8829483889691292,1.8814096996146876,1.8821319728258985,1.8819654570503337,1.8826705907202452,1.8841526883239892,1.8874201300164855,1.8848459333072047,1.8865720517443259,1.886306028123508,1.8850938149485335,1.8867785067802718,1.8887388961757183,1.8905861142254714,1.8919001751758164,1.8915659874759148,1.8911261348637514,1.8919737804211652,1.8904936591723545,1.8910620305079062,1.8931234461242765,1.8937817274151256,1.8952087930584787,1.895870410397606,1.8964210362712295,1.8960808529938216,1.892567036165788,1.8922424176233805,1.8930986923550985,1.8910025401066866,1.8905129791007247,1.8917484872725483,1.8916090113214585,1.8921761787692248,1.8941120374319775,1.8942710456706733,1.8956898467659913,1.9012961240322177,1.9003189234571014,1.9013253426010857,1.9016089528306634,1.9025535638322215,1.902222310580166,1.904093302078021,1.9061302543928778,1.909653145691477,1.9125912516343098,1.9135466681380493,1.9122637503148456,1.9135020177395337,1.915295193893307,1.9150519632866891,1.910829780632855,1.911205083209007,1.9159349256285019,1.9176046929184631,1.9215678612896177,1.922628344127609,1.9226310968844698,1.923396353105113,1.9240177635619473,1.9242027334869518,1.9255166233850356,1.9232772234732551,1.9249570189599303,1.9246048255398445,1.9247846657724517,1.9250867238845293,1.9235844538831384,1.923721922898349,1.9237180795741486,1.925570211908084,1.9255429961698776,1.9269289237139475,1.927205119656981,1.9270466456921733,1.927564956247201,1.9277549686876339,1.9277651929351902,1.9269321132468815,1.927221660798133,1.9283503589434066,1.9281095947624571,1.928060707814448,1.9262275786396852,1.927310820495402,1.9277002287859577,1.9277478963896673,1.927702607297877,1.9303988891405721,1.9273486116606382,1.9283198501980112,1.9283112785634893,1.9280230682313135,1.9266495539815167
30,0.5622441745511108,1.9215336754180832,1.9195846891138515,1.9173016745515585,1.9199209514707287,1.9268755904945045,1.9265811524688607,1.9270097561284574,1.9305474125754047,1.9302681424987487,1.9321298734524535,1.9354783045700816,1.936271815485423,1.9394289237293252,1.9408321957249974,1.9387231573740198,1.937459677607688,1.9382950065285622,1.9359349278163547,1.9395057436238186,1.939726200988958,1.9421043954305863,1.9430727693828276,1.9443048742240887,1.9466815968773665,1.9509000923125173,1.952188890908811,1.9533730225490875,1.9570050145308313,1.9597996739427177,1.9586819998968632,1.9643577974232187,1.9660898299419656,1.9690005223274283,1.9690677002870445,1.9692778606938117,1.9713547624240204,1.972540164733417,1.979532328657643,1.9813338369578224,1.9818758763796835,1.9836786576265095,1.9859935103026558,1.9872384351862957,1.9869237384953813,1.990254501178897,1.9915622533967414,1.9918519805670705,1.9940134474835405,1.993302537603848,1.9932099678740116,1.9940507938693885,1.9943705530861762,1.9957533583577853,1.9960607590665416,1.9946963853776403,1.9940366965990048,1.9943634253380726,1.9951168269715562,1.9942787939098163,1.9958556400090866,1.9962114830345201,1.995885219718247,1.9958861293948353,1.9981510249737164,1.9982564001503087,1.9990450200215135,1.9997295313593946,2.0006163197031497,2.0020294035566852,2.0015015145211987,2.003786773849771,2.0038259068175814,2.00491459133326,2.005692359586687,2.0052612179296503,2.005961445979333,2.006142295460715,2.006487705516328,2.0062268849361162,2.0067288440698237,2.007465771097783,2.007293088138064,2.008625052002451,2.00819719468703,2.008439014005306,2.0089182491580098,2.008630761901972,2.0088988620994823,2.0079483249182464,2.008099521844562,2.0085457654001675,2.0085189893701343,2.0087736530716587,2.0089058418485366,2.009613384088379,2.0097254400640767,2.008199169021642,2.008219506387188,2.0091620857195296,2.00973901535674,2.010608498367091
31,0.5509271563485156,1.9051799395838265,1.9068097838124,1.9097252413532602,1.9099546978149216,1.9109119330580104,1.911444342134297,1.9076474967405999,1.9134177542278354,1.9127464216407195,1.9125993223581692,1.9105906522482894,1.9116528620845694,1.9119068284043614,1.9099961209140959,1.9090838135404447,1.9078412995633809,1.9095092721827134,1.9119647742117596,1.912384319889624,1.913347144644395,1.9151554206654435,1.9207766454462725,1.9218757007722422,1.9227695761182635,1.9217510553773987,1.9212104989558343,1.9225358943353326,1.9243250277701942,1.9266489004601297,1.923375597630959,1.9222698091471389,1.9233679397489434,1.9238517690980665,1.9260150298128842,1.928798327074013,1.9299752881427514,1.9270998874195169,1.9276263663257183,1.9252590588950664,1.9260477671904241,1.9228927503699444,1.9266620208691825,1.9263170687256994,1.9255281145015397,1.927062748840075,1.927487480506273,1.9266579702646343,1.9234168445745117,1.923488068782261,1.922138805017881,1.9216076338628785,1.923600380084293,1.9239752445016058,1.9224921545365925,1.9225935705041555,1.925294548520282,1.9262984645618297,1.9257205315285975,1.9237811132860687,1.923658678361012,1.924393772263549,1.9236904639424661,1.9250199552687297,1.9286965018946658,1.92973066694063,1.9329088849011067,1.9324322505631657,1.9330385449314096,1.9336270675797096,1.9353309505111775,1.9366228275491306,1.9371028361533262,1.9367783416249924,1.9382639506204908,1.9378591834075851,1.9371580300023639,1.935619336588862,1.938916354291331,1.9389231284330302,1.9390286404875043,1.9393963177042903,1.9397711280024175,1.9403586284469112,1.9407775520486314,1.9411954871456192,1.9395763812030156,1.9397352009403772,1.9406178139336376,1.940679666900215,1.9416610074583076,1.944418452692942,1.9446062796040817,1.9455080429221967,1.9465356508271132,1.9499659042093183,1.9494364379722378,1.9502620904119032,1.9508661234080629,1.9512748848743224,1.9513997879295164,1.9513408286090037
32,0.5394847370360709,1.8395178228053917,1.8367238908493648,1.8368403140778353,1.836281912042565,1.8374117956419764,1.8397083647741748,1.840182253048641,1.8389167706734069,1.8413636710216592,1.8372667978224497,1.8365142828732788,1.8419785696233926,1.840314876818794,1.840486652445844,1.841254767108706,1.8432315312250347,1.8439234045702284,1.8438769445493213,1.8459291369052953,1.8459229554035985,1.8490620988072388,1.8502281192168366,1.8459086949740882,1.8470987242390196,1.848866058577112,1.850369709718099,1.851985753249193,1.852720886863194,1.85590558764712,1.8578849472183843,1.8631203023675211,1.864273521381838,1.8660910801298216,1.8653093783619679,1.8655070508974811,1.86661529585489,1.8662760614242475,1.867615179619248,1.864681501531904,1.8624718817417962,1.8583699233715172,1.8590264667543683,1.8593905644122635,1.8615869281226272,1.8638134540306974,1.8640288974693584,1.865560351016762,1.866786106023228,1.8669498281140986,1.865002033998697,1.8674956795362325,1.867414891420492,1.8708828172243355,1.87077474756509,1.8728597463197723,1.8744205596144108,1.875047602974523,1.8727124042326566,1.8733945083643921,1.8738335182436432,1.8753606570029104,1.875841894130547,1.8791395321909579,1.880210215457543,1.8817093494988923,1.8813120275637423,1.8830106542419829,1.88311176567749,1.8817546135592842,1.882773944268145,1.8840193668725838,1.8850580046979277,1.8852936158653355,1.8862055384126954,1.887470912903298,1.889225090280319,1.8904485925364611,1.8921369474740228,1.8926681569612647,1.8943324558765635,1.8937097380293726,1.8943879027912967,1.8941704802589092,1.8934715115637248,1.8942714118599462,1.8946767393274295,1.8965802570710302,1.8962586447318566,1.8966101064569945,1.8983337400272553,1.8979255380976803,1.897453805327946,1.8975125016822152,1.8968003651413576,1.896596379792796,1.8958136292184808,1.8957782269340329,1.8966699852388471,1.8960551917171404,1.897050918530625,1.8965268834647262
33,0.5280835591240152,1.7568553277488725,1.7559123048144742,1.7561200537969262,1.7556240672086785,1.755910727934999,1.754494847337793,1.7539314688428316,1.7569013877174569,1.7566568752895673,1.7550614569312413,1.752931879306141,1.7526284271956687,1.7520387099499537,1.7532096090796514,1.7533668902411117,1.7530986980962058,1.7522640149278972,1.753065260020158,1.75395120601149,1.7538712252423205,1.7555049565317689,1.7557764515380905,1.762288553791368,1.7639868099818838,1.765810272062617,1.7644833297250935,1.7643288303426787,1.7629855310768827,1.7621151314669088,1.7628844630635696,1.7635428316445865,1.7642728822685319,1.7633714500223503,1.7642312131884004,1.7635744117972532,1.763928336386525,1.7648857088100065,1.7646892310017699,1.7688553593994278,1.7694948715725272,1.7699211115669515,1.7721054237251175,1.7729112385098396,1.774311667921643,1.7755927370168132,1.7752264364710975,1.7756170013957344,1.7752063978434613,1.7755672378784242,1.7743770788493531,1.7750215359933017,1.7734988841935693,1.77472115059977,1.7747739867681913,1.77467144796483,1.7728507711067565,1.7731626161390868,1.7721992182582007,1.773491287239348,1.773285204897337,1.773891858683848,1.7733351058211348,1.7741383255691336,1.7742758615672913,1.7752652660205215,1.7759938387732512,1.775296572721847,1.775291413923904,1.7763684903576928,1.7758719188168162,1.7767146468579165,1.7775162504267723,1.778929384122995,1.7795568424947399,1.780778911705746,1.7814138787266254,1.7806402045626861,1.7814421201264226,1.7817359954820629,1.7808677382746843,1.7814343556874424,1.7815038123351967,1.782177465948233,1.7829436864296884,1.7827875626668717,1.7830668295473127,1.7834168506856123,1.7832589197194886,1.7837701247595246,1.784473257794173,1.784368526342632,1.784536434919036,1.7844923242321076,1.7855718805792236,1.78512372922749,1.7856322285731006,1.7851672883231398,1.7849444759735493,1.785847411036325,1.7860641088191318,1.7865020001964254
34,0.5167654833138542,1.6863355672252205,1.6855958693023128,1.6869269965741018,1.6874148682629047,1.6890405587561608,1.6903297071030137,1.687716811252733,1.6871535951819983,1.6839994120605748,1.6864285235307963,1.6857144778347077,1.6847883491694056,1.684353978857117,1.6820498445724086,1.6822121994505979,1.6833716289411782,1.6852440040574637,1.6856972234742367,1.6869584719790995,1.684358417057462,1.6831056895525556,1.6766938478718632,1.675171056651003,1.6766315285422546,1.6779845207455852,1.6784174769536278,1.6785742785372828,1.6780556985116728,1.6773390228100595,1.6768545146434033,1.6771295726605158,1.678077355208768,1.6793962958640534,1.6795149407532042,1.6808491174129967,1.6865174786064219,1.6870746827580207,1.687389865259126,1.6869428543672065,1.685129551244539,1.6857855634077794,1.6891300150915618,1.6901887737530084,1.6909484509427561,1.692939210574786,1.6930901057164929,1.69297987475891,1.6928497604771797,1.6928064130774663,1.6920662922089427,1.6935919489813893,1.6933175927218749,1.6952049004252405,1.694183024310118,1.6947074017892367,1.6949079628530352,1.6930646659062019,1.6936006112381023,1.693878177266461,1.6931709642658117,1.6930049750355813,1.6930858034181455,1.692957064058619,1.692853137957868,1.6932617828137597,1.693672783267577,1.6913765433959105,1.6915099069029982,1.6914532019507467,1.6919525127444826,1.6911672720369484,1.6909809427653568,1.6913917777082894,1.69035322783614,1.6897701993022807,1.6896032657923885,1.6898135759306938,1.6906533782874926,1.6911143052789763,1.6903591607188142,1.6901246362740536,1.6895677519717545,1.6894855128687554,1.6895265137314597,1.690368985220185,1.6901497693113365,1.6902861629534573,1.6912070319196901,1.6908675756071145,1.6907280326929786,1.6903338900175826,1.692053151874264,1.6916235162885858,1.6919388976561562,1.6943242155221552,1.6940979975102226,1.6934769915195877,1.6938528172305825,1.6935922642548835,1.6933855873585049,1.694101202998563
35,0.5054475179143411,1.6455837875626123,1.6467355410166462,1.6468251904629017,1.6486694446923873,1.647779899956347,1.6486902333333842,1.6506381862223716,1.6521387622248318,1.6522849040232992,1.6512321040673337,1.6531951269604135,1.6545575689850724,1.6557632249262189,1.6532509277586205,1.6522715727428399,1.6529698931098007,1.6537578461738671,1.652295355841124,1.6559738657560874,1.6546438342735896,1.6569511398215166,1.6565913508141508,1.6562474816075419,1.6570258635579715,1.6574562030858841,1.6576877638872813,1.65661946888777,1.6586209149790225,1.6578055777006462,1.659503627572171,1.655708389889604,1.6565973468806798,1.6568338452868825,1.6571770937088992,1.656835518651195,1.6564934711250054,1.6580600230017948,1.6550869992138024,1.6547763530705264,1.655168764728946,1.66026044507369,1.6614092414023252,1.662370107151651,1.6613305815060855,1.661227988336343,1.6612403109114413,1.6604270291033405,1.6604185426515214,1.6585776436350217,1.6617570827832417,1.662181425034787,1.6600316130983284,1.6606090875083779,1.6603307095374578,1.6591187108656478,1.6597537457357623,1.6601074843025896,1.6598608742827066,1.6593551517512546,1.6591714705998064,1.6589423990583412,1.6594818652113463,1.660008979151946,1.6590366755233896,1.6587808602929335,1.6594705008197181,1.656478765847941,1.6563513348529946,1.6567317070386927,1.6564921468259517,1.6565153475208574,1.6568341544313825,1.6563785810568705,1.6578490707470541,1.6584579043053858,1.6575833840648007,1.6575054953612451,1.657507667373912,1.65807227261431,1.6574665700282722,1.657911023248596,1.6572275313923093,1.6572921670112764,1.6571275606459739,1.6576518737689188,1.6581196920284982,1.6582596973454737,1.6567260353017121,1.6566565472581043,1.6569341582338997,1.6570055395733505,1.6564091846784428,1.657122989064258,1.6575106963144481,1.6569044896458702,1.6582510030801783,1.657782905901138,1.6576321756549657,1.6591091372457738,1.6590488796577947,1.6589450980763545
36,0.49404661694229435,1.6402573782919674,1.6387772153440592,1.6371677863959926,1.6367363409542566,1.6371496928210503,1.636009709769025,1.6365027136917185,1.6385173372399187,1.635274470543838,1.634265035373192,1.6341730720162242,1.6363221208927416,1.6343471813845363,1.6339401201916304,1.6348313808684898,1.6343500836798048,1.6347594258387084,1.6325225545031388,1.6326382332393237,1.629228942719517,1.6283366298143414,1.6291199321277927,1.6300186198078042,1.6305497957883885,1.6338470177516082,1.632783706704414,1.6340079961528036,1.6340178862121302,1.6350795461466205,1.6341168390646466,1.631996313991504,1.630497664711063,1.631049227658683,1.6305602642483426,1.6312684729021611,1.6338813500998806,1.6340757785041498,1.633832376984032,1.6335865722364902,1.6330897307926457,1.633284644325497,1.631773677727443,1.6272154297631176,1.6272819683126534,1.622756999141107,1.621226631925061,1.621603782121663,1.6208648439376263,1.6192067897968065,1.617906347984026,1.6175318918311905,1.617153815786195,1.6164049546705535,1.616853575176073,1.6161035027085242,1.6140174277056842,1.613655791650839,1.6137019421097505,1.6140372855263125,1.6139943155495993,1.6146558996689295,1.6144985648997152,1.6154585281503173,1.6170090412214073,1.6171081009191826,1.6170216838698452,1.617550651589764,1.6174693231956854,1.6183999055150746,1.6174651463665264,1.6193340079944487,1.619033600415453,1.618706339614335,1.6187392876640436,1.6184609301072632,1.6182424964996027,1.617514580718158,1.6166196666336956,1.615791849985386,1.6150057730030523,1.6144042049869618,1.6140666737552392,1.6161509607898554,1.6176800692035036,1.6175324437247933,1.616300292406614,1.616508056835906,1.6159075833642245,1.614413241241335,1.6149670866050465,1.6146652756390387,1.6139379397946199,1.61461135362922,1.615164608525627,1.6142760390430821,1.6140244098398808,1.614032541582415,1.6144191242085648,1.6152627308412635,1.6152587091900992,1.615242598366895
37,0.48272931655591456,1.673462558342693,1.6745415485672026,1.6736998430267398,1.6734001062291057,1.6726923041300397,1.6690826097616014,1.6681879657202212,1.6670123415711673,1.6678926005060792,1.6665299207941089,1.66441885648843,1.663556605440074,1.662421170069875,1.6619875596947238,1.664009393461246,1.6627105835738143,1.6656782277274427,1.6621528042378724,1.661140452073282,1.6594332853996676,1.6593268664192575,1.6602573962345477,1.6576988199642515,1.6561273080275027,1.6573220377104834,1.6564391718547637,1.656558237883722,1.6558477057289285,1.6551091213322588,1.6553294997619052,1.6556880174144846,1.6545950504759679,1.654392667724511,1.6545033768666186,1.6532235338022858,1.6512189244223812,1.6523963529839993,1.6518287373490945,1.6511830255163646,1.6523452158877714,1.6513010944478084,1.649846684321819,1.6476442559700049,1.6468283038571483,1.6461473666769286,1.6463849249659375,1.6463968028016358,1.6454798256757057,1.6455329244203312,1.6456309877885094,1.6456405511716037,1.6449282896374515,1.644369678409356,1.6440259652628515,1.6434500660157774,1.6423515425590178,1.6416948225631047,1.6423689274456634,1.6423453265154806,1.6431228529244193,1.6452037771549013,1.6448477233030376,1.6436690727544776,1.643379476067927,1.6434145136827343,1.6445084456164951,1.6439986846585828,1.6433180999154955,1.6428380045274553,1.6426781111616753,1.6433420792313185,1.6424393957380057,1.6424757685605458,1.6423807673800077,1.6423689530983863,1.6426519803977742,1.6422152888705153,1.6413177454313037,1.641226039555294,1.6405252767170457,1.6404314200303614,1.6402774150577453,1.6395168385397656,1.6382635639427146,1.6377103632164556,1.6377173641301075,1.6372010275193092,1.6373986711162793,1.637160131543798,1.63609634690072,1.6360026718892802,1.6361313666404202,1.6355826932310191,1.6353977999816098,1.635379732659329,1.6347668219592841,1.6339516655994843,1.6327965872595995,1.6328414680774346,1.631922242550467,1.6323948496281353
38,0.471412419128241,1.743443990955069,1.7421888518124238,1.740251734556376,1.7397623767293329,1.733472793985496,1.7326094057025174,1.7278786444990955,1.7259774815294022,1.7252331593566155,1.7254101675504148,1.7243735632928494,1.7240934851888314,1.7247828704398904,1.7252998057856495,1.7241453933921131,1.7236814191093766,1.7274967590622072,1.7291922514600453,1.7285895333893595,1.7276063741602954,1.7274727427665009,1.7255061389373558,1.7242690649827745,1.724147718159265,1.725587636317128,1.723046015875252,1.7218675712266633,1.721226080964045,1.7196042094810307,1.718982107144552,1.717383946673952,1.7177859162685674,1.7169773189558368,1.7160351875358542,1.7144223442718483,1.7135740977494807,1.7128232935975074,1.7070445899642188,1.7068541669332633,1.7072399263243474,1.708781118013192,1.709062107480027,1.708494951757046,1.7082941183810592,1.7076873822274898,1.707419816019309,1.7089330444984598,1.7091261808736506,1.708446150793677,1.708728152384148,1.711215007416555,1.7110748624584664,1.7085840057825556,1.708675784545016,1.70830926306787,1.7068438990182453,1.7065220712761249,1.7060533489536662,1.705891560707648,1.704809507582384,1.7048006964346143,1.7036203636680345,1.7034745981350397,1.702484566494993,1.7012236993223817,1.7006690477112316,1.7008764139861319,1.7007368659119761,1.7002052106459897,1.7009618782493043,1.7005414287014777,1.6998324856016571,1.698503371568009,1.6981685913414146,1.6985989106227808,1.6990148225560229,1.698989769842039,1.6988022533058553,1.6991211891882643,1.69929159688542,1.6987942538140444,1.6995630791771112,1.6994608170495134,1.6993310859358068,1.6982725658174225,1.697724960523094,1.6987941417638728,1.6984356134022025,1.6996953842980171,1.7001811038166024,1.7003039598578935,1.699270383302564,1.6995682544159993,1.6988763985138187,1.6981817010841531,1.6980720313458464,1.6982956804217462,1.6978742743945705,1.6983944785552607,1.6987676849296842,1.698375738811318
39,0.4600126582485581,1.8482129120407542,1.8502069823005332,1.8496194553070862,1.8485591903749072,1.8426859326655893,1.8413932346076738,1.840990597684106,1.84054801628345,1.8417963957867423,1.8404448820797217,1.8374083174597184,1.8381268048820087,1.8393601515117373,1.8380772707377024,1.8387448326575788,1.8394349321722951,1.8334868364770762,1.8313164197393612,1.8293242017645392,1.8294387640552616,1.8278080709330653,1.8287007273600169,1.8348169543445518,1.8322391878509452,1.831002863711141,1.8305555583570412,1.828793441996203,1.8285433103962767,1.8279995963689304,1.8332347905207178,1.830514581977511,1.8322332458924677,1.8325740360625766,1.831019369956189,1.8303770632046246,1.8288926313313971,1.827623956831952,1.8256873444341606,1.824242437064085,1.8229130034788859,1.8231908809800992,1.8221997801984033,1.8223424172673193,1.8230562297341115,1.822457681018646,1.8203904138739475,1.820008138255225,1.8205087912430014,1.8186912571471658,1.8191501887084713,1.8180058301838211,1.816434663171781,1.816068087904843,1.8168066989958285,1.8160752111404557,1.8157603584116109,1.8164997757792802,1.8161716953830815,1.8158306302935838,1.8153894168450617,1.8193400443452654,1.818816006830308,1.8173381468798413,1.8161150270957698,1.8182048496221324,1.8191248770956603,1.8192677727697235,1.8184421675904987,1.8188305517002954,1.8185956270422496,1.8176653248230303,1.8179937060810218,1.8176290655184892,1.817390313210773,1.8167270306006165,1.8165792987422458,1.8133956584746405,1.8136013362782142,1.812170257546148,1.8112829525431746,1.8117458010145628,1.8088822709027774,1.8091278983550667,1.8087839577636708,1.808470765503636,1.808316252042607,1.8088125599330507,1.8089817447407717,1.8082062874772502,1.8080352978446645,1.807537608315901,1.806218374155405,1.8055438560440327,1.807330940017004,1.8069085777844371,1.8056400946637317,1.8050296246575463,1.8038175741104312,1.8029154037316375,1.8027006171490514,1.8023999893096778
40,0.4486131315221452,1.9790100514208906,1.9810821100611593,1.982328329666256,1.9821921616002975,1.9794318491869132,1.9784089669789082,1.975687068421372,1.9747357553493494,1.9760201386527374,1.9719447525094855,1.9737063158270962,1.9738157833358188,1.9715029565601179,1.9697337443716103,1.9680140166452367,1.9675726545254948,1.9636846536698227,1.9628944683180984,1.962148835110763,1.9614627721740947,1.9602921565011102,1.959757557710671,1.9611001971838014,1.961272562853289,1.9604273842295417,1.9626484960615027,1.961640123398772,1.9611552607985812,1.9604311884006551,1.9587369801901808,1.9564148434895987,1.9560890285185872,1.9569463127077853,1.9563261754948522,1.954514300324193,1.9522648560621265,1.9528881650408412,1.9528194623115636,1.9521014842085511,1.952502239822995,1.945912082439044,1.945853740901235,1.9436261739901466,1.9432478781290021,1.9423505011339977,1.9415437034538054,1.9403849908539463,1.9406833493811506,1.940829198583088,1.941077228851047,1.942441387846115,1.941154706700017,1.9420250209432595,1.9413003109106892,1.9408363411232654,1.9359120467715905,1.9340537582161939,1.9334659293375382,1.9340541979461712,1.9331307060405087,1.9293612554084012,1.9302108187577547,1.9303602063631788,1.9293759090817493,1.9296938195661761,1.9297114646088804,1.9298126444610189,1.9292176830417043,1.9291686153212406,1.9293196743185779,1.931743167982934,1.9296703977314464,1.9298489855536871,1.9289466824542572,1.9278223538661086,1.9262910909676976,1.9268565427133781,1.9252109380920597,1.926039880664157,1.9267565383318839,1.9264685491054243,1.9265275711746512,1.925518767873648,1.9246788299839634,1.9228648950028076,1.9221840919318087,1.921968185976874,1.9221713937877791,1.9212756131670334,1.9209915599760397,1.9200882548346283,1.919418264950299,1.9189664028751032,1.919425011443847,1.9201094585424514,1.9206931017253426,1.9204944090212133,1.9207312207593414,1.9209124232132646,1.9201333637088827,1.9203333573396675
41,0.43729687808458695,2.11968828704667,2.121381435099434,2.1170546416871945,2.1163985884821424,2.1185398811916483,2.1191803807297043,2.119464453742481,2.1218464482815356,2.1222093127268096,2.116614663276544,2.118806944978245,2.112058101010876,2.1160920829515546,2.1132146641266853,2.1140594679253266,2.114110156050774,2.109835489300994,2.108138452260519,2.105460170301376,2.1040111799453083,2.1036242675790087,2.1038388371350845,2.1031516482530828,2.105666651081602,2.1106007260736837,2.107157562006048,2.108776915141185,2.1092235485867508,2.109352455539679,2.1092751049310374,2.109902183523508,2.108357660228437,2.107199535666671,2.1058621391719146,2.1050391952070715,2.1066702818335235,2.1060933543291025,2.104811970599301,2.1034948857339395,2.1024699520021715,2.10309058116291,2.102215027498943,2.099359012078605,2.1006686597957303,2.099944583713889,2.099707556417587,2.1020509480495244,2.1028911287853145,2.1023814519790713,2.1046116452748196,2.101423694158107,2.1013684258743486,2.0999320285810708,2.098580493258572,2.0973633590936767,2.097707421360603,2.0968186106938047,2.0956796773066815,2.094286378903747,2.094724809334966,2.0946303959117425,2.094954607488564,2.0954306039890644,2.095605397286427,2.0952163137927746,2.0961328605204357,2.095788452931045,2.0960451879197817,2.095671317454312,2.0954364673614827,2.0958083160906655,2.095913388130168,2.0957504618764053,2.0962555412578934,2.0938229299491864,2.093542302603506,2.0937693715625287,2.093257628898713,2.092701213289831,2.0919696471058837,2.0911577874594798,2.091442141042768,2.0904737166605556,2.091616669350808,2.0912058052027103,2.0915940614249466,2.0911970471357963,2.090964681578092,2.092592290191926,2.0924987545360763,2.0926115839013284,2.091862619328345,2.092390254430023,2.0920522885251245,2.0915277704803183,2.0904471413813015,2.092149608416501,2.092201892570646,2.091858054688666,2.0918584744947717,2.0918974815801556
42,0.42598050763068174,2.2457427173751547,2.244250079262087,2.2457266801239806,2.2451463759751946,2.242448451480503,2.243329810256949,2.2434932517789647,2.2451209598718775,2.2371321976278233,2.2364493200709643,2.239645753424838,2.239526332763774,2.2356475081320237,2.2390224335562094,2.238775806238971,2.237912839055002,2.2377690936114107,2.2423115590703175,2.24364500953083,2.2429319829914975,2.2436169510766466,2.2439208745036576,2.2431602692721784,2.242477287991497,2.2416278374905234,2.240437143053514,2.2416272766195524,2.241652870759166,2.2404219808982853,2.2411252815235647,2.241281250162049,2.241317600291413,2.2415642629892365,2.2495242009661305,2.2501969079813224,2.251491907831873,2.2510219065584094,2.25148925236821,2.254478945165369,2.25424397264485,2.253466468478109,2.247957331803837,2.245673543149328,2.245179729726315,2.2458581482038382,2.2444476862093596,2.2477423513985464,2.246992042122177,2.2462909306651855,2.244639919780625,2.2444583665398126,2.2447188896017107,2.2446769603298997,2.245223932328718,2.244343748383722,2.243017545923384,2.242535767058579,2.2441386604045177,2.2472739343047854,2.245539595560163,2.2456839413715164,2.2451779582216056,2.2436391417138157,2.2421381789214174,2.2422019043873904,2.242174431120218,2.2421392149176453,2.242282236713966,2.2426344375970766,2.2423207226899957,2.2406341377056065,2.2407132758387043,2.2397515527485266,2.239783000404209,2.238931225456884,2.23825028704875,2.2387713943993757,2.238047313133794,2.237476399755752,2.235898715798759,2.235527301288255,2.2360758181308387,2.2359359317825547,2.2356974309285333,2.23518180284448,2.235507066150032,2.234697247439593,2.238034016804408,2.2371499591935287,2.237778207671951,2.238139783099464,2.2377937594182353,2.2366764259332674,2.2348950791354047,2.2373327794513704,2.238155988419364,2.2382622761493085,2.23524671474288,2.2345963486241365,2.2336172896903266,2.235186723838172
43,0.41458059326091223,2.3156451032551946,2.318561360336316,2.321537238194327,2.3247831264090935,2.327976311852213,2.3292877856897243,2.329228033663397,2.3380057052726277,2.3374191769415185,2.335766940472489,2.336579701236471,2.3369441642404216,2.338324823535493,2.3372937623708467,2.338577237410059,2.337466920883102,2.338822667493834,2.344531180291713,2.349243049961273,2.3500818760220663,2.3530401003232644,2.3533033433946873,2.3537729749539,2.3554686189493204,2.36061033418782,2.36192503735007,2.3637293998421143,2.364219660027401,2.3646441356454284,2.365593625391017,2.36467231938422,2.36088434528847,2.360866307575077,2.360637129460372,2.3621164948906763,2.3626804956605736,2.366640640832476,2.371347056155155,2.3727538803102592,2.381094083666227,2.387376345550133,2.392421917617346,2.390985179758859,2.3918528438996947,2.392734531632438,2.392788385220117,2.3930684716191806,2.3945177795418164,2.393545483712073,2.393803632238642,2.3927464066126487,2.3909879523977904,2.3928122001311043,2.392168234126589,2.391443728754264,2.392670437849564,2.3926374688402534,2.39297896448785,2.39083401161539,2.391684796956667,2.3936590961143756,2.3940622783753813,2.3937422158709047,2.395003736667884,2.3927547260622197,2.3930914490700186,2.393743770447923,2.394234517494945,2.3943644389093537,2.3940285081574313,2.3937064885617754,2.3924961627574537,2.3925386217322266,2.3926368771589295,2.393585886283786,2.393237624462342,2.3928715622209715,2.393370546107738,2.3912869329745887,2.39061206585268,2.389683703773079,2.3901800248131813,2.3903472771003202,2.3901249765254216,2.389161819527395,2.390217494322416,2.3895986231638116,2.3882841403079302,2.3889545894109667,2.3924694767809944,2.39146906785,2.3905517110889876,2.3903946292695597,2.391594697044506,2.3884175442378264,2.38894286644359,2.38850265108261,2.3878881788664477,2.3881352038014176,2.3886559218220693,2.3881287740409953
44,0.4031384903460713,2.273714859201843,2.278564007700317,2.281732200953491,2.2872885496061515,2.291150453890384,2.2957132393968527,2.298024191428163,2.2960730313193274,2.292934870756358,2.296749901462889,2.3013830583970885,2.3035400030591964,2.305439207144301,2.3101580318203156,2.3116854799713873,2.3150909675301974,2.3171117212009475,2.3140952220602027,2.3136116995887015,2.3147312467571552,2.3173589159145145,2.3195500688932595,2.3224665109245426,2.3239005596381865,2.324844523299345,2.3271034783802547,2.326198131362847,2.328394304650657,2.3310027117107186,2.33225398804715,2.3361515688256835,2.339622853171083,2.3401056869686654,2.3418156827696355,2.3447428671702513,2.3490278947929726,2.3527935385952827,2.3512296555179018,2.352802258096371,2.3547714143720766,2.35204410523459,2.352965481901442,2.357330390236149,2.3566876268620254,2.35647095976047,2.3571084658911277,2.3567803601531603,2.3561153790355833,2.3576766692049054,2.357686938851841,2.361212223509377,2.362259631561707,2.36293260756996,2.3636533072790185,2.3644461586799532,2.3635619274131234,2.3650026631540477,2.3655227919373885,2.3628732760693754,2.3651088276984673,2.3656422487892947,2.3652490745060284,2.366402659094729,2.367498009755402,2.3647580221449567,2.3649448036845326,2.3651375338292917,2.3642780202267333,2.365904536798332,2.366668490106444,2.370885183763252,2.3716261037208595,2.3731386365909817,2.374311210688604,2.374468082831339,2.3755371266854612,2.3751793957648983,2.375603385283355,2.376148941821527,2.3741304835639228,2.374504466510653,2.3748697918292483,2.3740691865501313,2.3746870187879363,2.374412635545806,2.3760073787274942,2.3767660125542114,2.3797793594323777,2.3800810174125537,2.376858935697235,2.377167507226201,2.376733711528359,2.3778111098235044,2.3780578699917005,2.3822014448982043,2.384395687360682,2.383327320862386,2.383835528314882,2.384150526043821,2.385282948157612,2.387408007430721
45,0.39182029232251797,2.065418201869412,2.070304124010004,2.074796302822443,2.075635661873253,2.0768885100484926,2.079980371434245,2.081148738792477,2.0863111843490882,2.0890276779125396,2.09057703201032,2.092108220126353,2.095751231971051,2.1005048416594283,2.1042937357094726,2.104454724799222,2.107045035850006,2.1086447981130747,2.1105664853044823,2.114285285922094,2.1181841099993135,2.1222499937530146,2.1269517380277136,2.128067316277022,2.1302815364190617,2.1329140907296678,2.136901689852998,2.1389865488838744,2.140982793083735,2.142503891676103,2.146318693153713,2.147683749071954,2.1495093620638364,2.150313767709542,2.151201085638628,2.1511214261148752,2.1506241839368,2.1556410141334554,2.158369266414666,2.162025977175544,2.1628848680803867,2.166475546262714,2.168017232585644,2.1761664276921997,2.176366732703663,2.177770570641106,2.177043175109418,2.1792744404857176,2.1810537209539835,2.1823976560696687,2.1848618279622887,2.1859443965328174,2.18778562470861,2.188210189998629,2.191096754993188,2.1930754272338535,2.1940953160892875,2.1940224581644183,2.1950862263482533,2.1983929342852497,2.199917763999679,2.201925262596529,2.203538160698261,2.2050999897099746,2.2061378160315073,2.2068165447846,2.207305208590422,2.208212768000286,2.2101239815433726,2.2112343667169547,2.2127827492045,2.2143633676512597,2.216661130392851,2.2185518851733943,2.2198854550696345,2.220550175146139,2.2215197526160404,2.2230430459351376,2.2247203049567537,2.2256016257289284,2.225918843801743,2.2271267976749978,2.2277347040814104,2.2282594670856684,2.228720427304,2.229045380397744,2.2302610749472107,2.2316730196586674,2.2331817000941188,2.2342099086886544,2.236260502848393,2.236740890517567,2.2372875562652075,2.237545664769781,2.2384248731845244,2.238573524308256,2.238221930998499,2.23844021335616,2.2398213772067836,2.2406565422197793,2.240588578724263,2.2415406172945973
46,0.38054210003764943,1.6616670189459986,1.6650823270768542,1.6694448746975978,1.6726073228545861,1.673678163914114,1.6765833100664527,1.6803555702750892,1.6847811998835738,1.6891999185605162,1.6927675959883415,1.694692797339403,1.6983354387405203,1.6999639562259719,1.7016430997232361,1.7029486607299935,1.7059577660608651,1.7078659078178997,1.7105452022014678,1.7128813808030317,1.7159734087635625,1.7182190682621123,1.7210028312927121,1.7209581402849787,1.723445555493669,1.72649557679115,1.7284545013527444,1.7306820608863127,1.7324475247791453,1.7341464485953564,1.7374826435368647,1.7386565160917848,1.7412002397683584,1.7418601001815157,1.7444559269352662,1.7476699051478026,1.7499945139164295,1.7526743160126652,1.7543890290182829,1.756004771117183,1.7581583035702564,1.7597634759960497,1.760884979553788,1.7618981831223186,1.7632752505985607,1.7642370828838685,1.7661533777825043,1.767862504972724,1.7689084305572587,1.7705186278327563,1.7716004117008863,1.7732497938929797,1.7749669376681254,1.7753865731372718,1.7771724268063083,1.777679861789724,1.7797290004048953,1.781930512931581,1.7838146860460076,1.7840192092653253,1.7856933553579453,1.7880524069782573,1.7900491113364585,1.791127634662509,1.7916581373701173,1.7931172537558715,1.79489707415164,1.796090238523102,1.7968530005079426,1.7979952153313286,1.799322136094385,1.8003028869657212,1.8019764629437534,1.8029185520112172,1.8041582135409509,1.8055334998009065,1.8069922456315466,1.8082050461339605,1.8096460284096154,1.8108199914712997,1.811645309527426,1.8131414438377318,1.814247031375483,1.8160673180959896,1.8167408670723684,1.8184739653298434,1.8196557208517683,1.8213017286992448,1.8223859456621399,1.822979603949197,1.8245592032005498,1.8254284552438205,1.8259248680604852,1.8275481170587344,1.8290874654205729,1.83036813327445,1.8315096388047187,1.8320856701709516,1.8329188199788722,1.8345160346069114,1.8352755449199403,1.8356933908396893
47,0.36909444110694606,1.1145614043742285,1.115505716806777,1.115786380003872,1.1166129956406259,1.1178279630080383,1.1189525362984925,1.119228751393792,1.120180483984675,1.120996985551468,1.122002750372607,1.1232650428026427,1.123028483164501,1.1235998041621649,1.1242779414445048,1.1245432330367182,1.1245480282834202,1.1263450906888435,1.1278902900912788,1.1287458643892063,1.1297321964714873,1.1297330489649828,1.1305944316171337,1.130509618127744,1.1315747190569854,1.132546234915247,1.1333225665787494,1.1340849219437628,1.133528373299139,1.1337763358696946,1.1349208719800834,1.1358869490454488,1.135783772770859,1.1359459192383106,1.1367721342459,1.1370108013176203,1.137985541364959,1.1386287491668081,1.1395116650456734,1.1397349975974942,1.13942218554065,1.1404320649856377,1.1407286901152052,1.1413920371678308,1.1419746109689388,1.1421641461349186,1.1429297017885647,1.14316538726029,1.1439486860145567,1.1439783059698683,1.144859898374294,1.145535989174,1.1459799857919677,1.146205316099735,1.146869838775231,1.147153709348072,1.1480403675519024,1.1481645995281322,1.1485381294169652,1.1490898145542237,1.1491973491051273,1.1494457058422658,1.1496157892321193,1.149561989177408,1.1496311191098814,1.1500077818226657,1.1505527563530147,1.150645613799059,1.1514704521092074,1.1522217080952974,1.1521988870723092,1.152717186075282,1.153198909241998,1.1541814981804532,1.1544149269753883,1.1549417248607174,1.1558475813998117,1.1561576061595906,1.1563302183715536,1.1565731251695985,1.156933655334487,1.1572759989633294,1.157824659300133,1.1581357440103635,1.158092539956364,1.1581311230062485,1.1586202912244608,1.1586073991771109,1.1588749623187942,1.159600562344754,1.1596776985426969,1.160629095003112,1.1616136911589652,1.1618860385086887,1.1625986346629162,1.1630292658912391,1.1635793948421485,1.164198303278595,1.1649000159985692,1.165263842471484,1.1653064141550513,1.165743625229972
48,0.357648745612899,1.0812347621488745,1.081596317946105,1.081986315585921,1.082127736489039,1.082227863541371,1.080792113632586,1.0803277841650958,1.0795591651009622,1.0794107774063029,1.0784957833697433,1.0787906653674053,1.0781472806921948,1.0785351076117713,1.0782210152109382,1.0782187267211554,1.0781745182229907,1.0778272568585967,1.0772944332301841,1.0767542004016453,1.0763257896107126,1.0758120004020135,1.075440311622005,1.0755548636666565,1.0757600473434652,1.0754866010544362,1.0751388850686876,1.074691655994739,1.0744701787105255,1.0752783511041402,1.075182288224973,1.0751754506107964,1.0755726524059837,1.0753157505131816,1.0746944506681297,1.0740744141548684,1.0739628281149496,1.0733313096049806,1.07307608393757,1.0735259231087562,1.0735896312452233,1.0727283716455838,1.0734896752780965,1.0736586514803765,1.073017369764346,1.0732602981870794,1.0731922887874734,1.072844005074825,1.0723627058151532,1.0725628614385767,1.072484948695848,1.0725323043519355,1.0722973362748258,1.0719211265486452,1.0715608317172802,1.071735616154084,1.0715817284806763,1.0710639022685933,1.071054480748352,1.0708999444661438,1.0704886810279923,1.070393377257001,1.0702105349183866,1.0700757899317608,1.0697688853897738,1.0699658407319657,1.0700701171693117,1.0703663501271639,1.0700533692628238,1.0698817658193538,1.0695542522510257,1.069758318952312,1.0695974898012257,1.0695189943610643,1.0692202333760366,1.0689143113149069,1.0685763425559263,1.068915696604852,1.0690976648406707,1.0696064197386423,1.069413477173169,1.069285734744989,1.0691827127983566,1.0693766645326588,1.069025346816503,1.069147099366737,1.0689562603327725,1.0688806690645947,1.0687902573192491,1.0688704373910498,1.068677528261811,1.068633138023601,1.0683387621248395,1.06799073496925,1.067844721173407,1.0679021815992003,1.0679377637110032,1.067504954514988,1.0670068365033778,1.0669328240829503,1.0666887209230165,1.066763207848862
49,0.3463760720502594,1.6025072388814203,1.599470592984537,1.5947835118030986,1.5913546427771268,1.5891950425494754,1.5874086574970216,1.5828605280789,1.5805673541691274,1.5772612733291576,1.5738815412625369,1.5715036774850224,1.5684573177749974,1.5663815013487048,1.5634182449026985,1.5601844175388686,1.5570438592643758,1.554219714137896,1.551375513568282,1.5475555689587424,1.544509529374658,1.542438676576826,1.540236657368329,1.5373109555772553,1.5354133616908328,1.532729783116869,1.5298511800298815,1.5275762742316623,1.525196652846761,1.5230462964713753,1.5206934220487702,1.5194012568616868,1.5175374863781546,1.5147771228703137,1.5133280176613788,1.5116140373371731,1.5094868843301823,1.5080164134079899,1.5070158265107507,1.5054856028522703,1.5032255266900423,1.50162750982748,1.499584900627044,1.4978092085207177,1.4962234300033965,1.495051759159168,1.493645350968955,1.4919882134811617,1.4906520466957836,1.489233735529499,1.4878325248181838,1.485905051923999,1.4843873304602426,1.4835325897001117,1.4823035680954384,1.480917679270483,1.479423635392811,1.4780953386953255,1.476995889592401,1.4762447857026948,1.4755170379579605,1.4744746178330737,1.4727468485287494,1.4720683339052094,1.4708613600072111,1.4694314825508725,1.4682599941101062,1.4672157218042898,1.465888329934425,1.4645032622417915,1.4636295488696955,1.4626607240684812,1.4627605590348138,1.4614782150515842,1.4602780344567365,1.4593845664261127,1.4582317265483293,1.4574931879588173,1.456908932988891,1.4563539066626046,1.4550406747717264,1.4542313217757956,1.4534060204625787,1.452556081617447,1.4514607934847046,1.451169247058885,1.4500965011821432,1.4492141552375848,1.4488570493847657,1.4477674760701835,1.4465822311600012,1.4461935626689446,1.4457087138001061,1.4450467143132484,1.4443598906452881,1.4436717277166289,1.4433610770231682,1.4430512421904433,1.442480585402841,1.4419528045502643,1.4417549864936456,1.4413064056400036
