x,pOCV_V
0.30960013736896874,4.26287
0.3101995360864641,4.239573711311307
0.3107989348039595,4.232197920070063
0.31139833352145485,4.227577759759752
0.31199773223895017,4.22413677882882
0.31259713095644553,4.221352239139131
0.3131965296739409,4.21897192882882
0.3137959283914363,4.216864766966957
0.31439532710893164,4.214960537587578
0.314994725826427,4.213198736036024
0.3155941245439224,4.211551934484472
0.3161935232614177,4.209999096346335
0.31679292197891307,4.208523331381366
0.31739232069640844,4.20712121386385
0.3179917194139038,4.205779772622609
0.3185911181313992,4.204493331381366
0.31919051684889455,4.203258470070062
0.3197899155663899,4.202076624174161
0.32038931428388523,4.20093702882882
0.3209887130013806,4.1998444623122975
0.32158811171887597,4.198796125175154
0.32218751043637134,4.197789683933912
0.3227869091538667,4.196824146346335
0.3233863078713621,4.195898425725714
0.3239857065888574,4.19500400765764
0.32458510530635276,4.194151934484472
0.32518450402384813,4.193331845795775
0.3257839027413435,4.192550543243229
0.32638330145883887,4.191799683933912
0.32698270017633424,4.191079052001987
0.3275820988938296,4.1903883313813655
0.3281814976113249,4.189727660760745
0.3287808963288203,4.189091940140123
0.32938029504631566,4.188481169519503
0.32997969376381103,4.187895448898882
0.3305790924813064,4.187334728278261
0.33117849119880177,4.186789007657639
0.33177788991629714,4.186263287037018
0.33237728863379246,4.185757566416397
0.3329766873512878,4.185270947897887
0.3335760860687832,4.184791125175154
0.33417548478627856,4.184335227277266
0.33477488350377393,4.183884816966956
0.3353742822212693,4.183443963313291
0.3359736809387647,4.183014096346335
0.33657307965626,4.182592522072049
0.33717247837375536,4.182173425725714
0.3377718770912507,4.181763015415403
0.3383712758087461,4.181355
0.33897067452624147,4.180952294794782
0.33957007324373684,4.180551984484472
0.34016947196123215,4.180149999999999
0.3407688706787275,4.179746213863851
0.3413682693962229,4.17934585355354
0.34196766811371826,4.178941036486458
0.34256706683121363,4.178535315865838
0.343166465548709,4.178129595245217
0.34376586426620437,4.177714412312298
0.34436526298369974,4.177298154003974
0.34496466170119505,4.176873691691677
0.3455640604186904,4.176443381381366
0.3461634591361858,4.1760080210710555
0.34676285785368116,4.17556527152149
0.34736225657117653,4.175114550900869
0.3479616552886719,4.174661890140124
0.3485610540061672,4.174196529829813
0.3491604527236626,4.173721219519503
0.34975985144115795,4.1732408592091925
0.3503592501586533,4.172745947797763
0.3509586488761487,4.172245227177141
0.35155804759364406,4.17173477827826
0.35215744631113943,4.171214367967949
0.3527568450286348,4.170689007657639
0.3533562437461301,4.170147344694657
0.3539556424636255,4.169601624074036
0.35455504118112086,4.169037926726707
0.3551544398986162,4.16847
0.3557538386161116,4.167889462212172
0.35635323733360696,4.1672987415915514
0.3569526360511023,4.16669802097093
0.35755203476859765,4.166087300350309
0.358151433486093,4.165465814864844
0.3587508322035884,4.164835404554534
0.35935023092108376,4.164190138488445
0.3599496296385791,4.163544417867825
0.3605490283560745,4.162883697247203
0.3611484270735698,4.162207976626583
0.3617478257910652,4.16152365300298
0.36234722450856055,4.16083653538534
0.3629466232260559,4.1601308147647185
0.3635460219435513,4.159420094144098
0.36414542066104666,4.158699373523477
0.364744819378542,4.157968652902856
0.36534421809603734,4.157227932282234
0.3659436168135327,4.156477211661613
0.3665430155310281,4.1557214910409925
0.36714241424852345,4.154955770420371
0.3677418129660188,4.1541750497997505
0.3683412116835142,4.153394329179129
0.36894061040100956,4.152598608558508
0.3695400091185049,4.151797887937887
0.37013940783600024,4.150990775975898
0.3707388065534956,4.150171446696644
0.371338205270991,4.1493507260760225
0.37193760398848635,4.148515005455402
0.37253700270598167,4.14767428483478
0.37313640142347704,4.146828564214159
0.3737358001409724,4.145974290390308
0.3743351988584678,4.145112122972917
0.37493459757596315,4.144246402352296
0.3755339962934585,4.143375681731675
0.3761333950109539,4.142489961111053
0.37673279372844926,4.1416084809808655
0.3773321924459446,4.140712804804718
0.37793159116343994,4.139816673873787
0.3785309898809353,4.13891207862857
0.3791303885984307,4.138007716015897
0.37972978731592605,4.13709348108099
0.3803291860334214,4.136177350150058
0.38092858475091673,4.135254196146085
0.3815279834684121,4.134328475525464
0.38212738218590747,4.133399157357264
0.38272678090340284,4.132463026426333
0.3833261796208982,4.131531313663601
0.3839255783383936,4.13059059304298
0.38452497705588895,4.1296398724223575
0.3851243757733843,4.128694151801737
0.3857237744908797,4.127743431181116
0.386323173208375,4.126792710560494
0.3869225719258704,4.125836989939874
0.38752197064336574,4.1248812693192525
0.3881213693608611,4.1239233480479465
0.3887207680783565,4.12296482807801
0.3893201667958518,4.121999107457389
0.38991956551334717,4.121036773673535
0.39051896423084254,4.120070332432293
0.3911183629483379,4.119103891191051
0.3917177616658333,4.118136862462357
0.39231716038332864,4.117170781531425
0.392916559100824,4.116199783733662
0.3935159578183194,4.115233569669561
0.3941153565358147,4.1142633424924195
0.39471475525331007,4.113292621871798
0.39531415397080544,4.112328802502354
0.3959135526883008,4.111357361261113
0.3965129514057962,4.110390460009935
0.3971123501232915,4.109419739389313
0.39771174884078686,4.108454018768693
0.39831114755828223,4.107484972222108
0.3989105462757776,4.106517577527451
0.39950994499327297,4.105552760360245
0.40010934371076834,4.104586679429312
0.4007087424282637,4.10362564849838
0.4013081411457591,4.10266456756745
0.40190753986325445,4.101698974424345
0.40250693858074976,4.100742355705586
0.40310633729824513,4.099782533183102
0.4037057360157405,4.098826812562482
0.40430513473323587,4.097874112912791
0.40490453345073124,4.096918081981859
0.40550393216822656,4.095967001050927
0.4061033308857219,4.095018930079997
0.4067027296032173,4.0940697891890645
0.40730212832071266,4.093127488838755
0.40790152703820803,4.092181768218134
0.4085009257557034,4.091241596396269
0.4091003244731988,4.090305326976892
0.40969972319069414,4.0893692127125405
0.4102991219081895,4.088433303603473
0.4108985206256848,4.0874981651150275
0.4114979193431802,4.08657114174161
0.41209731806067557,4.085641723873786
0.41269671677817094,4.084721003253165
0.4132961154956663,4.083797948948815
0.4138955142131616,4.082879124023844
0.414494912930657,4.0819638413913015
0.41509431164815236,4.08104624154136
0.41569371036564773,4.080138575225089
0.4162931090831431,4.079231679529437
0.41689250780063847,4.078325958908817
0.41749190651813384,4.077425238288195
0.4180913052356292,4.076519517667574
0.4186907039531245,4.075623797046953
0.4192901026706199,4.0747320896394985
0.41988950138811526,4.073837355805711
0.42048890010561063,4.07295163518509
0.421088298823106,4.072065914564469
0.4216876975406013,4.0711851939438475
0.4222870962580967,4.070303946646453
0.42288649497559205,4.069428752702605
0.4234858936930874,4.068553032081985
0.4240852924105828,4.0676834421920445
0.42468469112807816,4.066816590840742
0.42528408984557353,4.065955870220121
0.4258834885630689,4.065090249399249
0.42648288728056427,4.064234168468317
0.4270822859980596,4.063373708358258
0.42768168471555496,4.062522987737636
0.4282810834330503,4.0616722671170145
0.4288804821505457,4.0608265464963935
0.42947988086804106,4.059983713813659
0.4300792795855364,4.0591401052551515
0.43067867830303175,4.05829938463453
0.4312780770205271,4.057463664013909
0.4318774757380225,4.056632943393288
0.43247687445551786,4.055803309159001
0.4330762731730132,4.0549772282280685
0.4336756718905086,4.054155781531424
0.43427507060800397,4.053330060910803
0.43487446932549934,4.052514340290182
0.43547386804299465,4.051698619669561
0.43607326676049,4.05088289904894
0.4366726654779854,4.050072178428319
0.43727206419548076,4.049266457807699
0.4378714629129761,4.048460737187076
0.43847086163047144,4.047660016566455
0.4390702603479668,4.046856468918752
0.4396696590654622,4.046063575325213
0.44026905778295755,4.045264257056889
0.4408684565004529,4.0444731761259565
0.4414678552179483,4.04368641346335
0.44206725393544366,4.042895692842729
0.44266665265293903,4.042109972222107
0.4432660513704344,4.0413292516014865
0.4438654500879297,4.040548530980866
0.4444648488054251,4.039767810360244
0.44506424752292045,4.038995659609435
0.44566364624041577,4.038216369119002
0.44626304495791114,4.03744564849838
0.4468624436754065,4.03667492787776
0.4474618423929019,4.035914207257139
0.44806124111039725,4.0351434866365175
0.4486606398278926,4.034382766015897
0.449260038545388,4.0336220453952745
0.44985943726288335,4.032866324774654
0.4504588359803787,4.032105604154033
0.4510582346978741,4.031354883533412
0.45165763341536946,4.03059916291279
0.4522570321328648,4.029848442292169
0.45285643085036015,4.029097721671548
0.4534558295678555,4.028347001050927
0.45405522828535083,4.027601280430306
0.4546546270028462,4.026860559809686
0.45525402572034157,4.026114839189064
0.45585342443783694,4.025374118568443
0.4564528231553323,4.024633397947822
0.4570522218728277,4.0238976773272
0.45765162059032305,4.023156956706579
0.4582510193078184,4.0224212360859575
0.4588504180253138,4.0216905154653375
0.45944981674280916,4.020954794844716
0.4600492154603045,4.020224074224094
0.46064861417779984,4.019498353603474
0.4612480128952952,4.018767632982852
0.4618474116127906,4.018041912362231
0.4624468103302859,4.01731119174161
0.46304620904778127,4.016585471120989
0.46364560776527663,4.015859750500368
0.464245006482772,4.015134029879746
0.4648444052002674,4.014413309259126
0.46544380391776274,4.013687588638504
0.4660432026352581,4.012966868017884
0.4666426013527535,4.012246147397262
0.46724200007024885,4.011525426776641
0.4678413987877442,4.010804706156019
0.46844079750523954,4.010088985535399
0.4690401962227349,4.0093682649147775
0.4696395949402303,4.008652544294157
0.4702389936577256,4.0079368236735355
0.47083839237522096,4.007216103052914
0.47143779109271633,4.006500382432293
0.4720371898102117,4.005784661811672
0.47263658852770707,4.005068941191051
0.47323598724520244,4.0043532205704295
0.4738353859626978,4.003632499949809
0.4744347846801932,4.002921779329188
0.47503418339768855,4.002206058708566
0.4756335821151839,4.001490338087945
0.4762329808326793,4.000774617467324
0.4768323795501746,4.000058896846703
0.47743177826766997,3.9993431762260823
0.47803117698516534,3.9986237028027305
0.47863057570266065,3.9979067349848396
0.479229974420156,3.997191014364218
0.4798293731376514,3.9964752937435977
0.48042877185514676,3.9957595731229762
0.48102817057264213,3.995038852502355
0.4816275692901375,3.9943231318817336
0.4822269680076329,3.9936011806305567
0.48282636672512824,3.9928816906404916
0.4834257654426236,3.9921609700198704
0.484025164160119,3.9914402493992496
0.4846245628776143,3.990714528778628
0.48522396159510967,3.989993808158007
0.48582336031260503,3.9892730875373856
0.4864227590301004,3.988547366916765
0.4870221577475957,3.9878216462961436
0.4876215564650911,3.9870959256755225
0.48822095518258646,3.986365205054901
0.4888203539000818,3.98563948443428
0.4894197526175772,3.9849087638136593
0.49001915133507257,3.9841730431930378
0.49061855005256794,3.983442322572417
0.4912179487700633,3.9827066019517954
0.4918173474875587,3.9819708813311747
0.49241674620505405,3.9812351607105536
0.49301614492254936,3.980494440089932
0.49361554364004473,3.979758719469311
0.4942149423575401,3.97901299884869
0.4948143410750354,3.978267278228069
0.4954137397925308,3.977526557607448
0.49601313851002615,3.9767808369868263
0.4966125372275215,3.9760276495493083
0.4972119359450169,3.9752793957455843
0.49781133466251226,3.974523675124963
0.49841073338000763,3.973769456756513
0.499010132097503,3.9730133758255812
0.49960953081499837,3.9722515132630996
0.5002089295324937,3.9714957926424788
0.5008083282499891,3.9707300720218575
0.5014077269674844,3.9699640021018547
0.5020071256849798,3.969193630780615
0.5026065244024751,3.9684279101599937
0.5032059231199705,3.967657189539373
0.5038053218374658,3.9668814689187517
0.5044047205549612,3.9661007482981305
0.5050041192724566,3.9653250276775096
0.505603517989952,3.9645393070568886
0.5062029167074473,3.9637554046544006
0.5068023154249427,3.9629678658156458
0.5074017141424381,3.962177145195025
0.5080011128599334,3.961386424574404
0.5086005115774288,3.9605907039537827
0.5091999102949241,3.9597899833331613
0.5097993090124195,3.9589889190688106
0.5103987077299148,3.958183542091919
0.5109981064474103,3.9573778214712982
0.5115975051649055,3.956567100850677
0.5121969038824009,3.9557513802300557
0.5127963025998963,3.954938514414152
0.5133957013173917,3.9541199389888133
0.513995100034887,3.9532992183681923
0.5145944987523824,3.9524734977475715
0.5151938974698778,3.9516427771269504
0.5157932961873731,3.950817056506329
0.5163926949048685,3.949981335885708
0.5169920936223639,3.9491406152650868
0.5175914923398592,3.948304816966698
0.5181908910573545,3.9474587360357667
0.51879028977485,3.946612705104835
0.5193896884923452,3.9457627327826024
0.5199890872098406,3.944912012161981
0.520588485927336,3.9440562915413597
0.5211878846448313,3.943193381381108
0.5217872833623267,3.9423322504501765
0.5223866820798221,3.941466169519245
0.5229860807973175,3.9405984090588753
0.5235854795148128,3.9397240076573814
0.5241848782323082,3.9388479267264493
0.5247842769498036,3.937971247197012
0.5253836756672989,3.937090814864586
0.5259830743847942,3.9362046839336546
0.5265824731022897,3.935318603002723
0.5271818718197849,3.934427572071791
0.5277812705372803,3.9335326440939067
0.5283806692547757,3.9326354102099277
0.528980067972271,3.9317362028526643
0.5295794666897664,3.9308331983480644
0.5301788654072618,3.9299271174171326
0.5307782641247571,3.929016036486201
0.5313776628422525,3.928105005555269
0.5319770615597479,3.9271901994991163
0.5325764602772433,3.926272793693406
0.5331758589947386,3.925351712762474
0.5337752577122339,3.9244304378876946
0.5343746564297294,3.9235046009006105
0.5349740551472246,3.922578469969679
0.5355734538647201,3.9216432760258315
0.5361728525822154,3.9207125554052107
0.5367722512997107,3.9197786695691783
0.5373716500172061,3.918841114163968
0.5379710487347015,3.917900393543347
0.5385704474521968,3.9169570343840885
0.5391698461696922,3.916010903453157
0.5397692448871876,3.9150632316814837
0.540368643604683,3.9141137415912937
0.5409680423221783,3.913166790440241
0.5415674410396737,3.91221162972943
0.5421668397571691,3.911260349198999
0.5427662384746643,3.910304417867567
0.5433656371921598,3.9093439079577568
0.5439650359096551,3.9083863746742713
0.5445644346271504,3.9074224667165147
0.5451638333446458,3.90646509414384
0.5457632320621412,3.9055010254752722
0.5463626307796365,3.904535304854651
0.5469620294971319,3.90356958423403
0.5475614282146273,3.9026038636134093
0.5481608269321226,3.9016381429927876
0.548760225649618,3.9006686585582493
0.5493596243671134,3.899701701751545
0.5499590230846088,3.898731496696386
0.550558421802104,3.8977652605103033
0.5511578205195995,3.896794284834523
0.5517572192370948,3.895818819269061
0.5523566179545901,3.8948521729726595
0.5529560166720855,3.8938810920417275
0.5535554153895809,3.8929116574071974
0.5541548141070762,3.8919409367865763
0.5547542128245716,3.8909702161659556
0.555353611542067,3.890003991090668
0.5559530102595623,3.8890356873870693
0.5565524089770577,3.8880680543040915
0.5571518076945531,3.887098475525206
0.5577512064120485,3.886136613062849
0.5583506051295437,3.8851663136633428
0.5589500038470392,3.884205232732411
0.5595494025645344,3.883239451200986
0.5601488012820299,3.8822787305803645
0.5607481999995252,3.8813180099597435
0.5613475987170206,3.880360909008684
0.5619469974345159,3.8794015687185013
0.5625463961520113,3.8784508480978803
0.5631457948695067,3.8774951274772596
0.563745193587002,3.876544406856638
0.5643445923044974,3.8755936862360167
0.5649439910219928,3.8746479656153956
0.5655433897394881,3.873699489989549
0.5661427884569834,3.8727572615612305
0.5667421871744789,3.8718208037535327
0.5673415858919741,3.8708800831329118
0.5679409846094696,3.86994872502458
0.5685403833269649,3.8690129378375033
0.5691397820444604,3.8680829212710477
0.5697391807619556,3.867152200650427
0.570338579479451,3.866231480029805
0.5709379781969464,3.8653107594091844
0.5715373769144417,3.8643900387885637
0.5721367756319371,3.8634765022519133
0.5727361743494325,3.8625654213209817
0.5733355730669278,3.8616578769267
0.5739349717844231,3.860748209459118
0.5745343705019186,3.8598464356854576
0.5751337692194138,3.8589464301296728
0.5757331679369093,3.858054994444215
0.5763325666544046,3.8571638857353916
0.5769319653719001,3.8562778048044595
0.5775313640893953,3.855392832582352
0.5781307628068907,3.8545121119617307
0.578730161524386,3.8536363913411096
0.5793295602418814,3.8527606707204884
0.5799289589593768,3.8518949500998674
0.5805283576768722,3.851029229479246
0.5811277563943675,3.8501685088586255
0.5817271551118628,3.8493091573570064
0.5823265538293583,3.8484580764260743
0.5829259525468535,3.8476070454951428
0.583525351264349,3.8467656263761407
0.5841247499818443,3.8459248836332796
0.5847241486993398,3.845084185134898
0.585323547416835,3.844252721771416
0.5859229461343304,3.843426590840484
0.5865223448518257,3.842600559909552
0.5871217435693211,3.841781302652414
0.5877211422868165,3.8409605820317925
0.5883205410043119,3.8401523171167575
0.5889199397218072,3.8393441407905504
0.5895193384393026,3.838538420169929
0.590118737156798,3.837742699549308
0.5907181358742932,3.8369469789286867
0.5913175345917887,3.8361562583080655
0.591916933309284,3.8353705376874445
0.5925163320267794,3.8345798170668237
0.5931157307442747,3.8338040964462023
0.5937151294617702,3.833028375825581
0.5943145281792654,3.83225765520496
0.5949139268967608,3.831491934584339
0.5955133256142562,3.8307262139637177
0.5961127243317516,3.8299704933430965
0.5967121230492469,3.8292147727224757
0.5973115217667423,3.8284640521018543
0.5979109204842377,3.8277183314812335
0.5985103192017329,3.826977610860612
0.5991097179192284,3.826236890239991
0.5997091166367237,3.82550116961937
0.6003085153542191,3.8247704489987484
0.6009079140717144,3.8240447283781274
0.6015073127892099,3.8233190077575063
0.6021067115067051,3.822598287136885
0.6027061102242005,3.8218825665162646
0.6033055089416959,3.821171845895643
0.6039049076591912,3.820463037637511
0.6045043063766866,3.8197604046544007
0.605103705094182,3.8190546840337793
0.6057031038116774,3.818358963413158
0.6063025025291726,3.8176582427925374
0.6069019012466681,3.816972522171916
0.6075012999641634,3.816281801551295
0.6081006986816588,3.815596080930674
0.6087000973991541,3.814915360310053
0.6092994961166496,3.814234639689432
0.6098988948341448,3.8135639190688106
0.6104982935516402,3.8128881984481895
0.6110976922691356,3.8122224778275684
0.6116970909866309,3.8115567572069473
0.6122964897041263,3.8108910365863258
0.6128958884216217,3.8102353159657047
0.613495287139117,3.809574595345084
0.6140946858566124,3.808918874724462
0.6146940845741078,3.8082681541038417
0.615293483291603,3.8076224334832203
0.6158928820090985,3.806976712862599
0.6164922807265938,3.806335471120989
0.6170916794440893,3.8056951108106785
0.6176910781615845,3.805054551000736
0.61829047687908,3.8044188303801145
0.6188898755965753,3.8037881097594934
0.6194892743140706,3.8031536695694363
0.620088673031566,3.802526668518251
0.6206880717490614,3.80190094789763
0.6212874704665567,3.801280227277009
0.6218868691840521,3.8006595066563875
0.6224862679015475,3.8000387860357665
0.6230856666190427,3.7994230654151453
0.6236850653365382,3.7988123447945243
0.6242844640540335,3.7982007870869516
0.624883862771529,3.797590426776641
0.6254832614890242,3.796980182932661
0.6260826602065197,3.7963744623120395
0.626682058924015,3.795773741691419
0.6272814576415103,3.7951690355353986
0.6278808563590057,3.7945686752250882
0.6284802550765011,3.7939732649147775
0.6290796537939964,3.7933758592089344
0.6296790525114918,3.792780138588313
0.6302784512289872,3.792189417967692
0.6308778499464824,3.7915986973470712
0.6314772486639779,3.7910129767264493
0.6320766473814732,3.7904222561058285
0.6326760460989687,3.7898365354852075
0.6332754448164639,3.7892508148645865
0.6338748435339594,3.7886750221219825
0.6344742422514547,3.788089373623344
0.63507364096895,3.7875093015013617
0.6356730396864454,3.7869329323821015
0.6362724384039408,3.7863572117614805
0.6368718371214361,3.785781491140859
0.6374712358389315,3.785210770520238
0.6380706345564269,3.7846374999498087
0.6386700332739222,3.7840693292789958
0.6392694319914176,3.783503608658375
0.6398688307089129,3.782935
0.6404682294264084,3.7823671674171324
0.6410676281439036,3.7818014467965115
0.6416670268613991,3.78123572617589
0.6422664255788944,3.7806799777776345
0.6428658242963898,3.780114667467324
0.6434652230138851,3.7795542571570135
0.6440646217313805,3.7789978436934057
0.6446640204488758,3.778442123072785
0.6452634191663712,3.7778881762260816
0.6458628178838666,3.7773306818315424
0.6464622166013619,3.7767775056054607
0.6470616153188573,3.7762242405902997
0.6476610140363526,3.775673519969679
0.648260412753848,3.7751227993490577
0.6488598114713433,3.7745760143642184
0.6494592101888388,3.7740313581078153
0.650058608906334,3.7734806374871943
0.6506580076238295,3.772939916866573
0.6512574063413248,3.772394196245952
0.6518568050588202,3.7718534756253312
0.6524562037763155,3.77130775500471
0.6530556024938109,3.7707670343840887
0.6536550012113063,3.7702281318817334
0.6542543999288016,3.769687821571423
0.654853798646297,3.7691498725222257
0.6554531973637923,3.768612050950802
0.6560525960812877,3.768076740640492
0.656651994798783,3.7675427106603623
0.6572513935162785,3.7670069900397407
0.6578507922337737,3.76647560970956
0.6584501909512692,3.765945249399249
0.6590495896687645,3.7654098890889385
0.6596489883862598,3.764879107557256
0.6602483871037552,3.764353386936635
0.6608477858212506,3.763822666316014
0.661447184538746,3.7632969456953926
0.6620465832562413,3.7627680875373857
0.6626459819737367,3.7622427272270755
0.6632453806912321,3.761714783833529
0.6638447794087274,3.7611940632129084
0.6644441781262227,3.760668342592287
0.6650435768437182,3.760146285985833
0.6656429755612134,3.7596259256755227
0.6662423742787089,3.7591011807304238
0.6668417729962042,3.7585852550549013
0.6674411717136997,3.758064739489181
0.6680405704311949,3.75754448443428
0.6686399691486903,3.7570282982479393
0.6692393678661857,3.7565087638136587
0.669838766583681,3.7559918570066966
0.6704381653011764,3.755475
0.6710375640186718,3.7549604157654546
0.6716369627361671,3.7544473225724166
0.6722363614536624,3.7539339745242124
0.6728357601711579,3.7534182539035914
0.6734351588886531,3.7529025332829704
0.6740345576061486,3.7523958813311746
0.6746339563236439,3.751885571020864
0.6752333550411393,3.7513703714211064
0.6758327537586346,3.750859850400243
0.67643215247613,3.7503539301798643
0.6770315511936253,3.749843209559243
0.6776309499111207,3.749337488938622
0.6782303486286161,3.748825
0.6788297473461115,3.74831799884869
0.6794291460636068,3.747810327076759
0.6800285447811021,3.747305
0.6806279434985976,3.746798885835516
0.6812273422160928,3.7462915576074476
0.6818267409335883,3.745787444594274
0.6824261396510836,3.745281723973653
0.683025538368579,3.744780476676516
0.6836249370860743,3.744275282732411
0.6842243358035697,3.743769806055895
0.684823734521065,3.7432688414911683
0.6854231332385604,3.742768120870547
0.6860225319560558,3.742263725124963
0.6866219306735512,3.7417633648146524
0.6872213293910465,3.74126
0.6878207281085419,3.7407576441940313
0.6884201268260373,3.7402595177674414
0.6890195255435325,3.7397569235734105
0.689618924261028,3.7392565132630997
0.6902183229785233,3.7387573559055785
0.6908177216960187,3.738256635284957
0.691417120413514,3.737760432332168
0.6920165191310095,3.737260072021857
0.6926159178485047,3.736759761711547
0.6932153165660001,3.7362637528024725
0.6938147152834955,3.735764041090926
0.6944141140009908,3.7352673115612305
0.6950135127184862,3.7347682704703047
0.6956129114359816,3.734270870319988
0.696212310153477,3.7337751496993663
0.6968117088709722,3.733277189539373
0.6974111075884677,3.7327787084581248
0.698010506305963,3.732281518918752
0.6986099050234584,3.731787267216882
0.6992093037409537,3.7312907982981303
0.6998087024584492,3.73079082597564
0.7004081011759444,3.73030002767751
0.7010074998934398,3.729804384734398
0.7016068986109352,3.729308664113777
0.7022062973284305,3.728812943493155
0.7028056960459259,3.7283172228725343
0.7034050947634213,3.7278232761259567
0.7040044934809166,3.7273307816312924
0.7046038921984119,3.726835061010671
0.7052032909159074,3.726342195195025
0.7058026896334026,3.7258467848847143
0.7064020883508981,3.7253514745744036
0.7070014870683934,3.724861114264093
0.7076008857858889,3.724366457907565
0.7082002845033841,3.7238753436434724
0.7087996832208795,3.723380016666323
0.7093990819383749,3.722889296045702
0.7099984806558702,3.722398575425081
0.7105978793733656,3.7219039024022296
0.711197278090861,3.721412134183838
0.7117966768083563,3.7209232317816086
0.7123960755258517,3.720427871471298
0.7129954742433471,3.719939972321975
0.7135948729608423,3.719447100850677
0.7141942716783378,3.718956790540366
0.7147936703958331,3.718467810460112
0.7153930691133286,3.7179770898394904
0.7159924678308238,3.7174857096094347
0.7165918665483193,3.7169956485982483
0.7171912652658146,3.716509927977627
0.7177906639833099,3.7160196286785028
0.7183900627008053,3.715533486736385
0.7189894614183007,3.715043908057882
0.719588860135796,3.7145570454951424
0.7201882588532914,3.714071324874521
0.7207876575707868,3.71358282712695
0.721387056288282,3.7130948836332793
0.7219864550057775,3.712607106506329
0.7225858537232728,3.712121696196019
0.7231852524407683,3.7116377217714156
0.7237846511582635,3.711151025575397
0.724384049875759,3.710666280530173
0.7249834485932543,3.7101852549547765
0.7255828473107496,3.7096998946444657
0.726182246028245,3.7092145843341546
0.7267816447457404,3.708733398047689
0.7273810434632357,3.708248863713534
0.7279804421807311,3.707768453403223
0.7285798408982265,3.7072881430929137
0.7291792396157217,3.7068055155652075
0.7297786383332172,3.7063274224722935
0.7303780370507125,3.7058470121619846
0.730977435768208,3.7053667018516747
0.7315768344857032,3.7048876330827296
0.7321762332031987,3.70440691246211
0.732775631920694,3.703935
0.7333750306381893,3.703455260610436
0.7339744293556847,3.702979750600252
0.7345738280731801,3.7025045399898167
0.7351732267906754,3.7020291796795064
0.7357726255081708,3.701553819369197
0.7363720242256662,3.7010784590588877
0.7369714229431615,3.700608098748577
0.7375708216606569,3.700132688438268
0.7381702203781522,3.6996597062559164
0.7387696190956476,3.6991919678176486
0.7393690178131429,3.6987216575073387
0.7399684165306384,3.698247544394058
0.7405678152481336,3.697780936886719
0.7411672139656291,3.697311103152819
0.7417666126831244,3.6968403825321996
0.7423660114006198,3.6963748059557906
0.7429654101181151,3.695908941290961
0.7435648088356105,3.695443220670342
0.7441642075531059,3.6949775000497223
0.7447636062706012,3.694511779429103
0.7453630049880966,3.694045
0.7459624037055919,3.6935803381878642
0.7465618024230873,3.693117333783622
0.7471612011405826,3.6926538969466254
0.7477605998580781,3.6921916131630033
0.7483599985755733,3.6917299999999997
0.7489593972930688,3.691266735084767
0.7495587960105641,3.6908055322320736
0.7501581947280594,3.690345171921764
0.7507575934455548,3.68988
0.7513569921630502,3.6894238526022898
0.7519563908805456,3.688964090990835
0.7525557895980409,3.688503680680525
0.7531551883155363,3.6880433203702156
0.7537545870330316,3.687585970119812
0.754353985750527,3.687127599749596
0.7549533844680223,3.6866672894392867
0.7555527831855178,3.6862088082579536
0.756152181903013,3.6857480876373345
0.7567515806205085,3.6852912085083576
0.7573509793380038,3.6848358481980474
0.7579503780554991,3.684375437887738
0.7585497767729945,3.683915205154857
0.7591491754904899,3.6834597172671186
0.7597485742079852,3.683003763913618
0.7603479729254806,3.6825430432929984
0.760947371642976,3.682087322672379
0.7615467703604714,3.68162827602588
0.7621461690779667,3.68117
0.762745567795462,3.68071255540526
0.7633449665129575,3.6802544401899016
0.7639443652304527,3.679796834784641
0.7645437639479482,3.6793365244743312
0.7651431626654435,3.6788772783280432
0.765742561382939,3.6784165577074237
0.7663419601004342,3.6779558370868046
0.7669413588179296,3.6775000332330925
0.767540757535425,3.677039395845566
0.7681401562529203,3.6765786752249463
0.7687395549704157,3.6761139523021633
0.769338953687911,3.6756535919918534
0.7699383524054064,3.675191513363088
0.7705377511229017,3.6747279213712343
0.7711371498403972,3.674265
0.7717365485578924,3.67379935150123
0.7723359472753879,3.6733368404403053
0.7729353459928832,3.672872910259991
0.7735347447103786,3.672406119819686
0.7741341434278739,3.6719364690187524
0.7747335421453693,3.6714703491990663
0.7753329408628646,3.6710000277775134
0.77593233958036,3.6705343071568945
0.7765317382978554,3.6700635865362745
0.7771311370153507,3.6695928659156554
0.7777305357328461,3.669117145295036
0.7783299344503414,3.6686414246744166
0.7789293331678369,3.6681678270268985
0.7795287318853321,3.667692516716589
0.7801281306028276,3.667215
0.7807275293203229,3.6667367460959697
0.7813269280378183,3.6662528215713195
0.7819263267553136,3.6657721009507003
0.782525725472809,3.6652956651650404
0.7831251241903043,3.66481
0.7837245229077997,3.6643199445444212
0.7843239216252951,3.6638342184682227
0.7849233203427904,3.6633442239238017
0.7855227190602858,3.662853863613492
0.7861221177777812,3.6623620566063644
0.7867215164952766,3.661866335985745
0.7873209152127718,3.6613656153651255
0.7879203139302673,3.6608674223722533
0.7885197126477625,3.6603670620619435
0.789119111365258,3.6598634535032675
0.7897185100827533,3.659356341441324
0.7903179088002488,3.6588470122620285
0.790917307517744,3.65834
0.7915167062352394,3.6578252605103945
0.7921161049527348,3.6573098504001704
0.7927155036702301,3.6567941297795508
0.7933149023877255,3.6562684091589315
0.7939143011052209,3.6557426885383117
0.7945136998227162,3.6552184589588466
0.7951130985402115,3.654683098648537
0.795712497257707,3.654150526676454
0.7963118959752022,3.6536123780279173
0.7969112946926977,3.6530770177176075
0.797510693410193,3.6525283648145956
0.7981100921276885,3.651981297096988
0.7987094908451837,3.6514309367866784
0.7993088895626791,3.650875576476369
0.7999082882801745,3.6503152161660593
0.8005076869976698,3.6497497617114987
0.8011070857151652,3.6491790410908793
0.8017064844326606,3.64860913523513
0.8023058831501559,3.6480287749248204
0.8029052818676512,3.647450293843532
0.8035046805851467,3.646863054304201
0.8041040793026419,3.6462704379877824
0.8047034780201374,3.645674667367163
0.8053028767376327,3.6450739967465435
0.8059022754551282,3.644466613062962
0.8065016741726234,3.643856252752652
0.8071010728901188,3.643232727327028
0.8077004716076142,3.6426111142640654
0.8082998703251095,3.64198056546517
0.8088992690426049,3.6413448115114138
0.8094986677601003,3.640704451201104
0.8100980664775956,3.6400590908907944
0.810697465195091,3.639407461160969
0.8112968639125864,3.6387467405403493
0.8118962626300817,3.63808101991973
0.8124956613475771,3.637407649649555
0.8130950600650724,3.6367319180177367
0.8136944587825677,3.6360488580578716
0.8142938575000631,3.635358137437253
0.8148932562175585,3.634662466816633
0.8154926549350539,3.6339575942940208
0.8160920536525492,3.633250975575394
0.8166914523700446,3.632535432432162
0.81729085108754,3.6318195843341554
0.8178902498050353,3.631094406856768
0.8184896485225307,3.6303640465464584
0.8190890472400261,3.629633686236149
0.8196884459575214,3.6288966518516776
0.8202878446750168,3.628157965615529
0.8208872433925122,3.6274102106104387
0.8214866421100074,3.62666948998982
0.8220860408275028,3.6259187693692
0.8226854395449982,3.625173048748581
0.8232848382624935,3.6244223781279614
0.8238842369799889,3.623675803753671
0.8244836356974843,3.6229259368867224
0.8250830344149797,3.6221801662661033
0.825682433132475,3.621434445645484
0.8262818318499704,3.620698137537296
0.8268812305674658,3.6199590022021226
0.8274806292849611,3.619230975675438
0.8280800280024565,3.618506563163006
0.8286794267199519,3.617790892542387
0.8292788254374471,3.617082560960884
0.8298782241549425,3.616381651951722
0.8304776228724379,3.615691840340264
0.8310770215899332,3.6150094900898635
0.8316764203074286,3.614341119719645
0.832275819024924,3.6136765188186706
0.8328752177424193,3.613025848198051
0.8334746164599147,3.6123851663661473
0.8340740151774101,3.611764085435218
0.8346734138949055,3.6111436863361925
0.8352728126124008,3.610538957857787
0.8358722113298962,3.609948597547477
0.8364716100473916,3.6093632372371673
0.8370710087648869,3.6087928769268576
0.8376704074823822,3.608232516616548
0.8382698061998776,3.607687156306238
0.8388692049173729,3.6071436419918568
0.8394686036348683,3.6066129213712377
0.8400680023523637,3.6060960753753086
0.840667401069859,3.6055857150649997
0.8412667997873544,3.605075759509379
0.8418661985048498,3.60458499444438
0.8424655972223452,3.6040946341340705
0.8430649959398405,3.6036142738237604
0.8436643946573359,3.603142877026902
0.8442637933748313,3.6026721564062822
0.8448631920923266,3.6022131928928314
0.845462590809822,3.6017578325825212
0.8460619895273173,3.601304994544424
0.8466613882448126,3.600859273923805
0.847260786962308,3.60042
0.8478601856798034,3.599986391341283
0.8484595843972987,3.5995510310309733
0.8490589831147941,3.5991257207206635
0.8496583818322895,3.598705310410354
0.8502577805497848,3.5982849501000445
0.8508571792672802,3.597869229579469
0.8514565779847756,3.5974542294794247
0.852055976702271,3.5970438691691147
0.8526553754197663,3.596638558858805
0.8532547741372617,3.596235
0.853854172854757,3.595832788238186
0.8544535715722523,3.595435
0.8550529702897477,3.59504
0.8556523690072431,3.5946467073072568
0.8562517677247384,3.594252743993894
0.8568511664422338,3.5938659866866374
0.8574505651597292,3.5934756263763274
0.8580499638772245,3.5930902660660182
0.8586493625947199,3.5927049557557083
0.8592487613122153,3.592319545445399
0.8598481600297107,3.5919384202701776
0.860447558747206,3.591553874824779
0.8610469574647014,3.5911735145144696
0.8616463561821968,3.59079
0.862245754899692,3.5904105377877
0.8628451536171874,3.590029817167081
0.8634445523346828,3.5896520732732307
0.8640439510521781,3.589271662962921
0.8646433497696735,3.5888913526526114
0.8652427484871689,3.588511934684603
0.8658421472046642,3.588131214063984
0.8664415459221596,3.5877552217216824
0.867040944639655,3.5873749114113727
0.8676403433571503,3.5869945511010624
0.8682397420746457,3.5866141407907532
0.8688391407921411,3.58623
0.8694385395096365,3.5858468903402674
0.8700379382271318,3.5854630598598236
0.8706373369446271,3.5850776995495144
0.8712367356621225,3.584689728478409
0.8718361343796178,3.5843049999999996
0.8724355330971132,3.5839132872371704
0.8730349318146086,3.5835213083082755
0.8736343305321039,3.583126845995931
0.8742337292495993,3.5827311253753122
0.8748331279670947,3.582335227377346
0.87543252668459,3.5819348170670366
0.8760319254020854,3.581534456756727
0.8766313241195808,3.5811290964464173
0.8772307228370761,3.580722522272215
0.8778301215545715,3.5803118016515953
0.8784295202720668,3.5798960810309763
0.8790289189895621,3.579477655205179
0.8796283177070575,3.57906
0.8802277164245529,3.5786350000000002
0.8808271151420483,3.5782066242742494
0.8814265138595436,3.577775
0.882025912577039,3.5773317573072596
0.8826253112945344,3.57689103668664
0.8832247100120297,3.5764451830330106
0.8838241087295251,3.5759945954454015
0.8844235074470205,3.5755344624123913
0.8850229061645158,3.575073154204163
0.8856223048820112,3.5745974335835435
0.8862217035995066,3.5741233814814617
0.8868211023170018,3.573638021171152
0.8874205010344972,3.5731452717216845
0.8880198997519926,3.572644551101065
0.888619298469488,3.5721338304804453
0.8892186971869833,3.571621579929913
0.8898180959044787,3.571096219619603
0.8904174946219741,3.5705608593092935
0.8910168933394694,3.570010947997967
0.8916162920569648,3.5694502273773474
0.8922156907744602,3.568879778378364
0.8928150894919555,3.568293786136108
0.8934144882094509,3.5676940577577443
0.8940138869269463,3.567082394894869
0.8946132856444416,3.5664516242742494
0.8952126843619369,3.5658029768268147
0.8958120830794323,3.56513518303301
0.8964114817969276,3.5644472562061953
0.897010880514423,3.5637387917917707
0.8976102792319184,3.563003021171151
0.8982096779494138,3.5622384758257977
0.8988090766669091,3.561450814964956
0.8994084753844045,3.5606254546546463
0.9000078741018999,3.5597602330330096
0.9006072728193952,3.5588541521020804
0.9012066715368906,3.5578987474474344
0.901806070254386,3.556891990240222
0.9024054689718813,3.55581706241239
0.9030048676893766,3.5546698283783638
0.903604266406872,3.553434179929912
0.9042036651243673,3.5520952165165047
0.9048030638418627,3.5506341355855757
0.9054024625593581,3.549029207757744
0.9060018612768534,3.547236397447434
0.9066012599943488,3.5452142355855756
0.9072006587118442,3.542848614964956
0.9078000574293396,3.5398715531030973
0.9083994561468349,3.5339494736840855
